date,PE_正数等权,PE_中位数,PB_中位数,stockCode,指数点位
2014-06-06,26.14191671964315,33.39393685646589,3.962811914464255,399812,5328.3156
2014-06-09,26.10978076709213,33.25942306737693,3.9544445041936194,399812,5311.3744
2014-06-10,26.40487127417388,33.66710316398442,3.992088479666005,399812,5366.744
2014-06-11,26.487175891295408,33.64598212812564,4.034220493092202,399812,5391.7903
2014-06-12,26.39147889731685,33.72798945368217,3.950694120427782,399812,5397.5925
2014-06-13,26.525227376291827,33.97236555653843,3.986531069071941,399812,5423.9543
2014-06-16,26.88376775214987,33.62978310451852,4.381615913318783,399812,5436.349
2014-06-17,26.70421003602454,33.14085651442145,4.339873962903818,399812,5386.0693
2014-06-18,26.516398666252773,33.464941757333136,4.348803666178606,399812,5347.9821
2014-06-19,25.96883217589956,32.801948937722884,4.246023581815046,399812,5230.4582
2014-06-20,26.09806061461916,32.94536751100184,4.198634479514814,399812,5253.675
2014-06-23,26.21238645878981,33.01852723750721,4.285110294294097,399812,5296.7887
2014-06-24,26.401236801495767,33.400444575799,4.254175064620704,399812,5341.6677
2014-06-25,26.30931536855228,33.11160996793585,4.222895237818083,399812,5324.5491
2014-06-26,26.57657271871533,33.05588987174805,4.290683243905725,399812,5379.8324
2014-06-27,26.60215257385288,33.30832395017596,4.334675103287039,399812,5385.8102
2014-06-30,26.82663480650195,33.52824793896208,4.431006024457284,399812,5423.5786
2014-07-01,26.914584960355988,33.30329834672676,4.397240303299096,399812,5453.7162
2014-07-02,27.06032360636977,33.47853568419235,4.376078088136504,399812,5476.2606
2014-07-03,27.284758340660822,33.786156239063594,4.465255835467097,399812,5520.9546
2014-07-04,27.25494366882609,33.38800186638036,4.401159287567781,399812,5513.9926
2014-07-07,27.055739289354584,33.24608777586106,4.374570354987121,399812,5470.0382
2014-07-08,27.05741055824872,33.165414383887736,4.309113717949392,399812,5481.3247
2014-07-09,26.6003071606094,32.17661196306787,4.264845832432978,399812,5383.7344
2014-07-10,26.51813358143645,31.841442519737736,4.246093600572662,399812,5360.1558
2014-07-11,26.59041541855447,31.70241270311488,4.183875317366123,399812,5368.2017
2014-07-14,26.85979315793944,31.964894790584367,4.1949261296429405,399812,5415.4745
2014-07-15,26.914550525999115,31.93722518513145,4.287967643481059,399812,5421.5414
2014-07-16,26.74346990118192,32.02793882775901,4.265461241171739,399812,5366.2601
2014-07-17,26.540726600837765,31.403543874562345,4.218641488740973,399812,5315.2726
2014-07-18,26.5752016345515,31.27441708005704,4.33277794387215,399812,5315.3635
2014-07-21,26.674510754598835,31.52407720581828,4.432673628075724,399812,5341.0953
2014-07-22,26.9034601901724,31.53498946502368,4.437392202774755,399812,5384.201
2014-07-23,26.67110552860625,31.11229352679689,4.352233155332412,399812,5321.394
2014-07-24,26.79965789709294,31.39531632070013,4.390788449210806,399812,5316.5527
2014-07-25,27.01250254104769,31.626865802243785,4.429053255052407,399812,5376.7728
2014-07-28,27.569940686015496,32.049478395001955,4.5661131632712655,399812,5487.128
2014-07-29,27.677432646236493,31.874648650650062,4.56761883507809,399812,5524.7463
2014-07-30,27.742798923512503,32.126652295302044,4.633879208854857,399812,5548.59
2014-07-31,28.02531084955801,32.71383814584084,4.659499250811331,399812,5595.6958
2014-08-01,27.9205354493906,32.343524405212435,4.588907672789865,399812,5577.1167
2014-08-04,28.26107015994221,32.415925454992376,4.694029327279397,399812,5630.3996
2014-08-05,28.34839489094505,32.94260037846345,4.718689440121799,399812,5654.6902
2014-08-06,28.23221173383712,32.71478133005047,4.672099649316934,399812,5638.2456
2014-08-07,27.96857463164169,32.53028665956032,4.695307727492516,399812,5592.5714
2014-08-08,28.04264762516779,32.73728985827502,4.666078871209784,399812,5623.0472
2014-08-11,28.36277865104129,33.228075046435904,4.719162538976067,399812,5693.9873
2014-08-12,28.429553809089867,33.42479689604707,4.65985077656293,399812,5700.3381
2014-08-13,28.393419554930816,33.32548355835273,4.660733082772387,399812,5688.4664
2014-08-14,28.191935310189404,32.92486607543667,4.603839206955058,399812,5646.5902
2014-08-15,28.344739841967968,32.65385392514695,4.704312190773148,399812,5713.7755
2014-08-18,28.773167870671248,33.399258739899906,4.823151891488629,399812,5823.1424
2014-08-19,28.83133704470144,33.294346882794216,4.822007981239242,399812,5841.2465
2014-08-20,28.672226354398592,33.40400217911346,4.855070003526478,399812,5819.196
2014-08-21,28.695155736496407,33.204990232365404,4.759344207948889,399812,5867.7733
2014-08-22,29.015685426811405,33.16263142233415,4.763330645359299,399812,5902.6664
2014-08-25,28.66643466040364,33.02590583146834,4.733942917893835,399812,5845.4229
2014-08-26,28.133907350130247,32.266106597504766,4.561279657422302,399812,5773.9226
2014-08-27,27.983968917101908,32.395647820586035,4.593254105751185,399812,5783.1596
2014-08-28,27.62839454460601,32.02783774687286,4.578028177975526,399812,5749.3398
2014-08-29,27.810960504158565,32.20764333224126,4.599344476861448,399812,5782.484
2014-09-01,28.204565839042004,32.42475538153171,4.644341486079718,399812,5867.1676
2014-09-02,28.46876068485986,32.91914963369607,4.651112631298688,399812,5923.7772
2014-09-03,28.73169496750708,33.49422571168248,4.661770780741648,399812,5982.2853
2014-09-04,28.89774654066931,33.548713946677466,4.663293373519214,399812,6000.8347
2014-09-05,29.02152686375547,33.44575296820663,4.680277215056425,399812,6019.5144
2014-09-09,29.0845158405972,34.007170276981626,4.654157816853819,399812,6045.707
2014-09-10,29.037034324283304,33.66882999299182,4.786552897470703,399812,6054.5404
2014-09-11,29.004331660481537,33.43872979953269,4.72968410141699,399812,6040.8019
2014-09-12,29.20454896651124,33.4149391311517,4.801541931655983,399812,6083.181
2014-09-15,29.40248103106245,33.20366054852289,4.892013294559698,399812,6116.495
2014-09-16,28.64642593440493,32.99692469849464,4.700641855534444,399812,5931.7385
2014-09-17,28.852964342578844,33.89798304186645,4.749863023939744,399812,5980.131
2014-09-18,28.97504979627654,33.824845987560025,4.7662444793093215,399812,6021.8512
2014-09-19,29.2327756819476,33.9923729144839,4.7678404851236165,399812,6070.8925
2014-09-22,28.743295918405167,33.40342695075921,4.6924640576063705,399812,5991.7765
2014-09-23,29.005308116592712,33.929633635544626,4.73443593804765,399812,6048.3054
2014-09-24,29.413360478130205,34.321053713999994,4.864614793555655,399812,6111.6378
2014-09-25,29.24981502355321,33.782659054980286,4.833376602583168,399812,6102.2537
2014-09-26,29.245737313261348,33.753210424522734,4.79045448898238,399812,6105.1952
2014-09-29,29.31494189391155,33.896220346893244,4.792275977944297,399812,6124.9506
2014-09-30,29.459856169340213,34.12823504611978,4.7937293730819786,399812,6161.5133
2014-10-08,30.024648585553955,34.314386669407334,4.862692375047788,399812,6264.9877
2014-10-09,29.917883893031004,33.98260447232771,4.820790027071958,399812,6253.5892
2014-10-10,29.92167626014165,33.77787499878138,4.839375728563567,399812,6235.66
2014-10-13,29.81539478559732,34.30355710219901,4.824819502264399,399812,6222.3527
2014-10-14,29.714601169515635,34.2558687127374,4.780817788609344,399812,6210.5847
2014-10-15,30.07046420083726,35.6202610051532,4.875121253253904,399812,6283.6979
2014-10-16,29.72922322084395,34.826187574160514,4.7563446534223806,399812,6205.0683
2014-10-17,29.562032159712164,35.05809146847332,4.69634972260327,399812,6154.6105
2014-10-20,29.833733175241,35.378797518957825,4.782479690934798,399812,6217.3324
2014-10-21,29.479147446443807,34.3592091777796,4.727405716267649,399812,6159.7681
2014-10-22,29.20914658954696,33.57245203686032,4.599221010019578,399812,6085.9242
2014-10-23,28.927488738968773,33.451710321293646,4.606514339114247,399812,6024.9322
2014-10-24,28.662575733701875,33.52182823836889,4.578305013799881,399812,6040.4896
2014-10-27,28.557701278685503,33.4302924080569,4.588079567803854,399812,6072.6146
2014-10-28,29.076904645583788,34.509214438120665,4.746615842568925,399812,6179.4905
2014-10-29,29.23545392507037,34.49186652176019,4.675384176728549,399812,6232.7977
2014-10-30,29.158135116675304,36.2356682522406,4.677888686048844,399812,6243.2146
2014-10-31,29.23525846469057,35.423734575962115,4.585192676570863,399812,6247.9794
2014-11-03,28.922565706042192,35.347573140905425,4.619446582422489,399812,6263.9656
2014-11-04,28.588196032531314,34.85456960837435,4.578027381646834,399812,6209.1948
2014-11-05,28.513340580915248,34.806150517603264,4.5594912289092,399812,6189.8276
2014-11-06,28.524349542847144,34.61900329202772,4.603318410513909,399812,6216.8243
2014-11-07,28.32235376750672,34.2031854746609,4.583426971017419,399812,6175.1882
2014-11-10,28.73466874286638,34.64318596917477,4.621868827473962,399812,6240.4366
2014-11-11,28.27946496075989,34.808547584731485,4.593783528894313,399812,6117.138
2014-11-12,28.633456525802167,35.22975620614534,4.63498595310966,399812,6194.1086
2014-11-13,28.425685066453447,34.68939772508429,4.590101735041406,399812,6136.8771
2014-11-14,28.63170553484256,35.74034850299978,4.598397071453848,399812,6163.934
2014-11-17,28.709489107638035,35.613181656451374,4.57467060014638,399812,6203.8293
2014-11-18,28.541995911538383,35.0998368798844,4.588874470423771,399812,6197.2575
2014-11-19,28.755530263380496,35.67615313891144,4.67020409380307,399812,6253.6882
2014-11-20,28.70507260999056,35.44502184261343,4.655622703124793,399812,6241.2375
2014-11-21,29.07767295153431,35.175191306651286,4.646065354748052,399812,6304.615
2014-11-24,29.375404771081104,32.915177509895834,4.778167968541542,399812,6394.5777
2014-11-25,29.7862188604118,34.55060508056473,4.8550185978026335,399812,6507.6448
2014-11-26,29.99349212859169,35.67011455948311,4.798525341739776,399812,6547.3662
2014-11-27,30.178660183811328,35.168736669632764,4.702063771058207,399812,6570.915
2014-11-28,30.115596501226687,35.2297196429721,4.687004828149119,399812,6566.5333
2014-12-01,30.28849223584888,35.8558619225649,4.704332078298629,399812,6582.5496
2014-12-02,30.744596720710973,35.88683526630368,4.800020674850268,399812,6670.9575
2014-12-03,31.11284474984816,36.19880696796301,4.805872290937415,399812,6729.7191
2014-12-04,31.80684382410753,36.67773589524387,4.922145623711588,399812,6862.1517
2014-12-05,31.133353793376298,35.05631690286404,4.83372641960975,399812,6704.2954
2014-12-08,31.53788462017646,34.54715203118947,4.7276999474899,399812,6743.482
2014-12-09,30.79963766534056,34.210219752452446,4.672323999296884,399812,6570.2757
2014-12-10,32.14521577546265,36.256519951185325,4.810961903012501,399812,6850.4408
2014-12-11,31.996484099752248,36.49550891549277,4.922368167024141,399812,6836.6689
2014-12-12,32.135744158260486,36.42486050804236,4.941170780179245,399812,6903.5591
2014-12-15,31.228820376599145,34.5198856283445,4.948004768804923,399812,6994.9666
2014-12-16,31.230921847797703,33.9697699050018,4.838552875900206,399812,6974.2225
2014-12-17,30.79398993738369,33.195924964958785,4.761149137798972,399812,6885.1136
2014-12-18,30.742079781683245,32.69352482087463,4.769383407002301,399812,6873.1518
2014-12-19,30.235777061386152,32.32592508511526,4.78871091148472,399812,6752.4633
2014-12-22,29.633988357024684,31.620053087599864,4.670480393446283,399812,6558.7133
2014-12-23,29.613403041301257,32.08662081195487,4.603892651397224,399812,6542.0704
2014-12-24,29.623125532224552,31.75898049890373,4.694456302418915,399812,6579.1854
2014-12-25,29.93709147057027,31.825171154931315,4.767684883308501,399812,6635.1286
2014-12-26,30.41617261922415,31.84924048439589,4.723677057708271,399812,6723.8451
2014-12-29,30.29902393420328,32.20769800886831,4.7965234942634485,399812,6688.4144
2014-12-30,29.90953322556492,31.832685771104995,4.753423241078712,399812,6580.8601
2014-12-31,30.286874272552364,32.34647877129669,4.773171821417293,399812,6630.0943
2015-01-05,30.95261201925309,32.99444693607696,4.9723924628078375,399812,6749.2788
2015-01-06,31.761841923078983,33.83678991021564,5.02542632706159,399812,6947.3316
2015-01-07,31.51577453297428,33.85573169007043,4.9476342258458,399812,6892.9208
2015-01-08,31.29673073296213,33.19824398344031,4.939855582837017,399812,6872.6092
2015-01-09,31.114988321613733,33.26615750803167,4.941305653745722,399812,6838.6546
2015-01-12,31.29057321736953,33.46211035350218,4.903603810119401,399812,6896.3998
2015-01-13,31.680067269492355,33.76557650842564,5.080683024771039,399812,6972.3347
2015-01-14,31.418804046549315,33.79238195513837,5.0640379922085845,399812,6904.0896
2015-01-15,31.6737522729519,34.1576671243413,5.043219529132433,399812,6960.9034
2015-01-16,32.10493121402055,34.95166816254012,5.059560703623559,399812,7091.0813
2015-01-19,30.891153402945907,33.53310633075667,4.911579200117277,399812,6881.3758
2015-01-20,31.742459539094863,34.44656778548922,4.932696861367605,399812,7098.097
2015-01-21,32.6349935724867,36.25161192781154,5.053526793434292,399812,7276.509
2015-01-22,32.905016662021794,36.75553786614883,5.144420830020593,399812,7338.2195
2015-01-23,32.681992607791166,35.96976432993812,5.241728614408565,399812,7261.2497
2015-01-26,33.31209193338835,36.839879931907305,5.346559434638461,399812,7427.4636
2015-01-27,33.28069372163493,36.685369041974766,5.270070468045963,399812,7432.6379
2015-01-28,33.090730848451,36.20571817306818,5.277432013431128,399812,7383.7673
2015-01-29,32.6107337822889,35.57612990155909,5.153784334451553,399812,7304.596
2015-01-30,32.45848146649587,35.1201557383189,5.072113110455197,399812,7226.5606
2015-02-02,32.25506654860543,34.49516193417048,5.06379069184905,399812,7205.2003
2015-02-03,32.77079156113831,35.41393968428226,5.1174501379179205,399812,7346.0448
2015-02-04,32.39639520815002,34.95870119332802,4.9910157191747615,399812,7287.22
2015-02-05,32.29795021342632,34.29489778255252,5.007004299855121,399812,7302.764
2015-02-06,31.94403441564664,33.959328258071594,4.945655866471837,399812,7219.4303
2015-02-09,31.820175413219143,34.26169962232865,4.921398699574832,399812,7167.7773
2015-02-10,32.207084192452406,34.7204896168559,4.976470386956308,399812,7274.3663
2015-02-11,32.86831225252764,35.18212976836642,5.054988131799247,399812,7426.8573
2015-02-12,33.30605810561772,35.92815162254094,5.107888300408895,399812,7508.4866
2015-02-13,33.78415372053836,36.24832176073245,5.219529454522769,399812,7642.0927
2015-02-16,34.847296529162506,36.91566908903043,5.269065127369808,399812,7883.6885
2015-02-17,34.96743486033918,37.1193635328665,5.255830835774278,399812,7928.3292
2015-02-25,34.52815335824511,36.613450849464485,5.222707123092997,399812,7816.5894
2015-02-26,35.0480043397054,36.7310746619518,5.185689994383882,399812,7872.3997
2015-02-27,35.32555310089452,36.548524567318886,5.21697227404327,399812,7946.5901
2015-03-02,35.80582474991872,36.72896164886184,5.252412194064595,399812,8064.1421
2015-03-03,35.32299172921774,35.64779886561496,5.244994421408313,399812,7948.2745
2015-03-04,36.34235878296753,36.62951079533165,5.335568719173533,399812,8185.071
2015-03-05,36.31424007201707,37.05618965215119,5.332019143270987,399812,8197.0466
2015-03-06,35.57224799233764,36.3228019454405,5.2350776106686805,399812,8002.1954
2015-03-09,36.02178126695259,36.90603762775427,5.275722682621822,399812,8104.6366
2015-03-10,36.45231125794093,36.87092701506582,5.353763812480592,399812,8254.8847
2015-03-11,36.38302833713282,37.61710366419595,5.324131461794508,399812,8220.6863
2015-03-12,36.43711340952223,37.771613473331854,5.236781217537166,399812,8224.074
2015-03-13,36.88691173245844,38.0964779958648,5.286941887094555,399812,8326.3294
2015-03-16,37.87520241336012,38.608434852334746,5.483397058028467,399812,8612.7794
2015-03-17,37.90118326739544,38.626668169292,5.488845588927677,399812,8614.8041
2015-03-18,38.83222282039118,38.54157935682478,5.605722611756351,399812,8839.7424
2015-03-19,38.081610414506976,38.49215291613273,5.602055237240533,399812,8834.966
2015-03-20,38.27330884400601,39.276951515252,5.578568750741281,399812,8951.7642
2015-03-23,39.02258588359985,41.40419656932735,5.692970386879061,399812,9217.2542
2015-03-24,39.44103410862965,42.56601872065433,5.83705578630728,399812,9329.9215
2015-03-25,39.52291743608696,41.52221123703082,5.7965038858145945,399812,9390.9076
2015-03-26,39.18016139958379,41.453690257387805,5.786225220941772,399812,9179.4068
2015-03-27,39.24294798981887,41.402253544545744,5.916458195559397,399812,9237.4396
2015-03-30,39.64355356562376,42.08042102669407,5.981567730542604,399812,9266.2372
2015-03-31,39.912729633950974,42.9569740272577,5.9534466767364185,399812,9291.8704
2015-04-01,40.66724568747157,43.37793874004022,6.002704306947086,399812,9469.6465
2015-04-02,41.14505742982781,44.24086922265727,5.997493127387958,399812,9593.1416
2015-04-03,41.63664374766668,46.47785388354786,6.076506101273804,399812,9659.1418
2015-04-07,42.58646859342037,48.1555269778732,6.128149018376839,399812,9843.0762
2015-04-08,42.04929290141679,45.889305644304805,6.153330992313154,399812,9645.1633
2015-04-09,41.60686590348233,45.53884033586855,5.924321745245907,399812,9550.2862
2015-04-10,42.60094014251765,47.11924172874835,6.07935805285292,399812,9832.5158
2015-04-13,43.41702659369523,48.08346702690601,6.110191671328874,399812,10024.8796
2015-04-14,43.39704636613703,47.25201781796295,6.103281858732439,399812,9986.6061
2015-04-15,41.741971226471215,45.87773786519174,5.8483920190036045,399812,9580.8843
2015-04-16,42.47852584681412,46.64537665111209,5.964417184007608,399812,9749.3455
2015-04-17,42.40782289226917,47.32753693122475,6.040592415984246,399812,9737.5293
2015-04-20,41.56534794327509,46.59339309660423,6.1105628999033215,399812,9499.215
2015-04-21,43.52933220417976,48.45761917093039,6.510722761457229,399812,9929.1226
2015-04-22,44.38389299913453,48.72215300348657,6.518395902278309,399812,10179.5895
2015-04-23,44.385039677879234,48.86276972866449,6.480524201572652,399812,10260.8155
2015-04-24,44.12295855893596,49.41223691069003,6.332226631497328,399812,10351.6672
2015-04-27,44.60236756503649,49.028044402567375,6.325554088672647,399812,10446.4786
2015-04-28,42.832903668948006,48.73525757364299,5.944754887694261,399812,10137.6782
2015-04-29,43.52096390121291,49.7307327919859,6.061555478775242,399812,10439.9162
2015-04-30,42.7289692922071,49.09310814232835,5.999334752374459,399812,10482.4607
2015-05-04,43.035924510485216,48.806827687380064,5.9784786726986425,399812,10459.856
2015-05-05,41.73054837947438,48.58156591169488,5.914310261147099,399812,10144.8659
2015-05-06,41.56907796028212,48.58156591169488,5.886497345849676,399812,10178.4413
2015-05-07,40.98355615759343,47.82290822624459,5.810611827102344,399812,10048.6713
2015-05-08,42.18612821896824,48.38179537074876,5.927121653409712,399812,10442.593
2015-05-11,43.7019552691663,48.9629806628064,6.206979062202395,399812,10912.8585
2015-05-12,44.23843908717529,49.17769100401762,6.485892911970028,399812,11149.3356
2015-05-13,44.70974405181536,49.56068314355368,6.4516773122518245,399812,11273.6015
2015-05-14,44.52599024426994,49.68327697438488,6.479644520387746,399812,11186.3083
2015-05-15,43.964138351598905,49.35986947534835,6.287218358387763,399812,11110.769
2015-05-18,44.159484637474456,49.50215188945521,6.333149316040201,399812,11248.1912
2015-05-19,45.38492649276651,50.52545148909407,6.478271146481279,399812,11494.0294
2015-05-20,45.73621873796406,51.2253473393098,6.568564444061074,399812,11654.2814
2015-05-21,47.18765624692369,53.14710920142706,6.672056163736688,399812,12052.1541
2015-05-22,47.7565144385579,54.42692615673717,6.656432865045173,399812,12115.6105
2015-05-25,48.9594985641857,54.84035168622249,6.66274813717301,399812,12283.6389
2015-05-26,49.88055305171484,56.69024667471531,7.033185002723672,399812,12639.418
2015-05-27,50.12153779235303,57.20152541375419,7.1495337841334,399812,12658.4182
2015-05-28,47.07571569046646,55.71096481269039,6.634642697540958,399812,11901.4552
2015-05-29,47.618198552654896,56.565491118060535,6.748883360010561,399812,12098.9983
2015-06-01,49.89022945440387,57.20152541375419,7.171921330950108,399812,12733.1073
2015-06-02,50.88451876685359,57.247326558806535,7.364996943344773,399812,13134.5306
2015-06-03,50.645082864216405,57.43866102989863,7.488181659134973,399812,13153.8475
2015-06-04,50.276863070730144,55.95472598975515,7.451885158204177,399812,13078.072
2015-06-05,50.67882668729936,57.20152541375419,7.349921204903981,399812,13049.3917
2015-06-08,51.22867923156489,56.558908736674766,7.343276815441706,399812,12903.6322
2015-06-09,50.70834809457553,56.23883854958424,7.49399027815384,399812,12823.5887
2015-06-10,51.74006950102174,56.62866762360476,7.487864621499106,399812,13195.4842
2015-06-11,52.28747237171254,57.20152541375419,7.528860974790226,399812,13327.9846
2015-06-12,52.86733377962709,58.45100101249897,7.532632254364882,399812,13519.1651
2015-06-15,54.35587377119797,67.60140573533938,7.669856422280922,399812,13186.1312
2015-06-16,53.16140577114527,66.66346138751442,7.845096520254938,399812,12870.8006
2015-06-17,53.60958028879061,67.79845871892626,7.864531732245722,399812,13029.6885
2015-06-18,51.56577793887556,65.28019592647193,7.404714360965888,399812,12448.2117
2015-06-19,48.22302488470335,61.46103287577591,7.081433564917372,399812,11638.9787
2015-06-23,49.58893456765564,59.63726876719659,7.231575068354788,399812,11881.9922
2015-06-24,50.329359751997394,60.072462166911606,7.330854357342492,399812,12036.0652
2015-06-25,47.9444770723054,57.897442906844304,6.649556198058701,399812,11432.0824
2015-06-26,43.7343004182036,54.07592447312754,6.1324150753755005,399812,10455.7601
2015-06-29,41.24748282240028,48.79544660030904,5.5720811055168005,399812,9819.5698
2015-06-30,44.35970626724132,53.01506606034142,6.069240549208562,399812,10506.9801
2015-07-01,42.51949507352106,51.1994985478499,5.943173437327262,399812,10106.8913
2015-07-02,40.41230711085801,49.19245073522226,5.744071615897177,399812,9628.9902
2015-07-03,38.85731145149594,46.18015111843045,5.529530856606035,399812,9327.8841
2015-07-06,39.26902082595532,47.27068952545303,5.446898159250471,399812,9318.3057
2015-07-07,36.87855332870026,42.97393791693163,5.195283220356848,399812,8802.3914
2015-07-08,34.86895573465226,40.80234761460362,4.787582584649269,399812,8454.2315
2015-07-09,36.71522171269424,42.75764406211809,5.066107062807493,399812,8842.903
2015-07-10,38.78151495972913,44.3262785941785,5.346677582181664,399812,9314.385
2015-07-13,41.02208001945077,47.45135825799935,5.561795705029225,399812,9814.5845
2015-07-14,41.57536601480151,48.155807794579246,5.93734186164191,399812,9975.9014
2015-07-15,39.22940260153032,46.66868358527356,5.41698219855404,399812,9415.7299
2015-07-16,40.08971336494182,48.130830043813134,5.600124971824471,399812,9633.5726
2015-07-17,42.18802913924843,50.42668337056652,5.941004568388834,399812,10125.8629
2015-07-20,42.437689887002165,50.19245390742701,6.038229566438537,399812,10188.9442
2015-07-21,42.74022756517091,51.78556726273271,6.069910210793479,399812,10277.4268
2015-07-22,42.78327771555443,51.81651561901087,6.090956895005215,399812,10300.9455
2015-07-23,44.2039447597196,52.86724723678074,6.370417770670739,399812,10609.7702
2015-07-24,43.1777326887776,50.86284394945416,6.121597489304644,399812,10385.0066
2015-07-27,39.42322310843735,47.29599750447923,5.538014028167536,399812,9584.1522
2015-07-28,39.068009214014985,48.09622302704297,5.424853859770218,399812,9519.3114
2015-07-29,40.68488431241557,49.53241422300493,5.684686746464568,399812,9914.0241
2015-07-30,39.2073501413423,48.3509641994718,5.518148220342884,399812,9569.8963
2015-07-31,39.40009295042262,48.79803828388079,5.527638682033405,399812,9566.2517
2015-08-03,39.55573886823261,47.27758619343233,5.492353738408598,399812,9443.4664
2015-08-04,41.37153177444242,50.23738153712321,5.844113878636767,399812,9875.4235
2015-08-05,40.507954851227424,49.29800120523812,5.658647103930703,399812,9685.6937
2015-08-06,39.93926430771859,48.96868351882621,5.59317727469751,399812,9551.2458
2015-08-07,40.98008079252014,50.7181707640189,5.758291846946372,399812,9797.744
2015-08-10,42.77334615943063,52.98358940175609,6.056650450411597,399812,10231.0724
2015-08-11,42.69240961739639,53.66157580793848,6.0140289852860125,399812,10243.9684
2015-08-12,41.80497446098066,52.84462504110285,5.960077370122767,399812,10071.7373
2015-08-13,42.42231792639196,53.60751739603359,5.975814188266364,399812,10268.3247
2015-08-14,42.23706384357618,53.91604033384653,6.014999124057642,399812,10284.2532
2015-08-17,42.53278266425653,55.956536787710434,6.070915673143109,399812,10398.0754
2015-08-18,39.48470320578195,50.86827536816031,5.763009597170413,399812,9721.163
2015-08-19,40.33179622928056,51.80594312300151,5.821382061542085,399812,9938.7495
2015-08-20,38.99837994862429,49.76189067933301,5.698446862358661,399812,9612.056
2015-08-21,36.75887777638782,46.99745024459014,5.457214357463729,399812,9103.486
2015-08-24,32.48662416534015,42.68204966606256,5.130500404901114,399812,8318.955
2015-08-25,29.832900103251724,39.44818348916414,4.677733803067135,399812,7723.798
2015-08-26,29.302626867435016,37.07850408084951,4.56098956850713,399812,7683.317
2015-08-27,31.03900881328983,40.02682987663485,4.85467884924005,399812,8060.068
2015-08-28,32.645115947257096,42.0069196242553,5.1952907158511925,399812,8483.492
2015-08-31,31.715853825190287,40.98115387201757,5.059526378382993,399812,8311.45
2015-09-01,30.898601256799395,40.06727059402958,4.863857336849224,399812,8062.65
2015-09-02,31.0012288898276,39.91155082544956,4.899253259001584,399812,8063.707
2015-09-07,30.53364783752548,39.79276280987262,4.88908854496068,399812,7983.794
2015-09-08,31.70319674047362,40.62201972807121,5.076614669511635,399812,8285.033
2015-09-09,32.38055238038828,41.45652420077128,5.166415766254788,399812,8451.255
2015-09-10,31.890677083565794,40.75925426289277,5.120103886903629,399812,8345.78
2015-09-11,31.793219321947653,40.41541928644067,5.033992180661248,399812,8339.834
2015-09-14,30.46082748688468,39.90262656247765,4.871010622778012,399812,7951.091
2015-09-15,29.13627874217407,38.34429035740018,4.732331374951725,399812,7611.587
2015-09-16,31.219265749071315,40.32006187582233,5.065448796181716,399812,8147.228
2015-09-17,30.27276472241606,39.681989917248295,4.8601337898131804,399812,7947.461
2015-09-18,30.526853269417835,39.607410077934446,4.934286940079601,399812,8039.191
2015-09-21,31.439528489357603,39.84772289350129,5.090168691689581,399812,8286.484
2015-09-22,31.683734637733583,40.11289565550608,5.066459552165105,399812,8328.708
2015-09-23,31.037556632963422,40.07974906025549,5.00246828021392,399812,8207.165
2015-09-24,31.41094191526299,40.31177522700968,5.032813800745672,399812,8333.263
2015-09-25,30.577787489615027,39.681989917248295,4.973310340320898,399812,8075.711
2015-09-28,30.94684789569491,39.4831103457447,4.99579293851855,399812,8237.24
2015-09-29,30.221108519628736,37.6700590716488,4.844338168418294,399812,8092.22
2015-09-30,30.28719870156717,37.89670612670736,4.816836717767761,399812,8116.085
2015-10-08,31.497797943925136,40.22890873888318,4.976158728606182,399812,8436.439
2015-10-09,31.886274422232248,40.7059837641841,5.077718621357164,399812,8508.458
2015-10-12,32.91140172988486,42.03412388848405,5.214024325488529,399812,8788.075
2015-10-13,33.00275955207896,42.31586994811414,5.2150381915500645,399812,8829.795
2015-10-14,32.50435945882417,41.93713608174074,5.114874862606948,399812,8695.461
2015-10-15,33.43627642959977,42.42359638267859,5.250955899903461,399812,8957.539
2015-10-16,33.828704527219784,42.79649557924783,5.269774656762106,399812,9078.357
2015-10-19,33.86659947310815,42.84274221237398,5.390004257863266,399812,9065.424
2015-10-20,33.84182417467451,44.68735289472508,5.382477679618333,399812,9244.834
2015-10-21,32.43915493628992,41.79902773447149,5.053028778495082,399812,8794.031
2015-10-22,33.52742676111561,43.08150148079488,5.310613197786377,399812,9101.941
2015-10-23,34.46035215147229,45.758013629331415,5.487467079455946,399812,9398.129
2015-10-26,34.41463687467688,44.14203533788004,5.487467079455946,399812,9361.564
2015-10-27,34.41352445295836,44.97961990292304,5.39940494863202,399812,9431.131
2015-10-28,33.484032682236304,43.68573435002605,5.300864142735895,399812,9187.919
2015-10-29,33.68421843460806,43.25568041226271,5.278906189432664,399812,9233.336
2015-10-30,33.87374453272825,43.20308004729323,5.330349989065665,399812,9220.295
2015-11-02,33.26764253556519,41.736567623436656,4.945906398014857,399812,9094.427
2015-11-03,33.15818235433213,41.32273760297258,4.917170327963822,399812,9068.755
2015-11-04,34.904817580318905,43.26905174193757,5.107733172712002,399812,9529.106
2015-11-05,35.093134675147155,43.39498837977993,5.334063102429977,399812,9532.557
2015-11-06,35.92693375049101,43.93038830710508,5.341013433057432,399812,9753.957
2015-11-09,36.16223013289786,44.09340876628029,5.386376581941796,399812,9837.125
2015-11-10,36.09598251807341,44.39161313105155,5.278152776759724,399812,9828.872
2015-11-11,36.41771226233982,45.3335139703138,5.324014310096921,399812,9962.698
2015-11-12,36.17402911952448,44.394677265150825,5.34838252143166,399812,9900.141
2015-11-13,35.42222750823189,42.822609724856505,5.244939768905874,399812,9664.572
2015-11-16,35.72933041913436,43.119896410830606,5.383620523559561,399812,9775.818
2015-11-17,35.53019798435442,42.97338493175329,5.31361156198233,399812,9677.758
2015-11-18,35.174851701989525,43.458323397242026,5.320690886155601,399812,9576.114
2015-11-19,35.88422436788545,45.56379509436934,5.455189340914434,399812,9805.262
2015-11-20,35.92858271441305,45.30968307877771,5.50350021102126,399812,9840.441
2015-11-23,35.85273990814912,45.17679150053441,5.448782044638158,399812,9826.251
2015-11-24,35.96452892784984,45.22998880133802,5.445554772819936,399812,9872.978
2015-11-25,36.48400251751708,45.44615966531829,5.515200353637525,399812,10054.564
2015-11-26,36.20444734915717,45.76472725434184,5.515200353637525,399812,9974.507
2015-11-27,34.39761075850382,43.85497762498396,5.353602506210206,399812,9450.066
2015-11-30,34.43701587252982,43.91562543322792,5.3424628784272254,399812,9491.646
2015-12-01,34.8861208729863,45.36829451031359,5.407135480093789,399812,9582.75
2015-12-02,35.62162648306354,45.38630392159149,5.457792333873415,399812,9631.239
2015-12-03,36.17571402260162,46.15471897481707,5.489221116932528,399812,9822.477
2015-12-04,35.71485810058733,45.27545919161139,5.456739278570801,399812,9726.797
2015-12-07,36.12186570579421,45.95244822690431,5.485191719678093,399812,9884.416
2015-12-08,35.48504826477463,44.66445569657505,5.369375660258388,399812,9688.65
2015-12-09,35.467513335416754,44.7536361949475,5.28761143480792,399812,9648.984
2015-12-10,35.59766226726924,45.192015060134864,5.384081126902236,399812,9710.146
2015-12-11,35.29017479145062,44.49287801359654,5.352677810719483,399812,9611.311
2015-12-14,38.58385957091784,51.69643660125693,5.987048191054637,399812,9815.005
2015-12-15,38.61658831989501,52.41986920432987,6.036478620287941,399812,9877.463
2015-12-16,38.517087714746445,52.88779494544692,6.010589236831216,399812,9857.986
2015-12-17,39.3953770025497,54.0679709548844,6.1302622507063305,399812,10096.129
2015-12-18,39.49758007144175,53.51687528048994,6.054087637663954,399812,10114.892
2015-12-21,40.84829634469159,53.80123909472783,6.26015013743641,399812,10345.613
2015-12-22,40.922882099740605,53.54585913136964,6.251004440805246,399812,10365.27
2015-12-23,40.65527240019142,54.10900912518507,6.264769809914741,399812,10274.044
2015-12-24,40.2634003402085,53.82331572119308,6.194325886274637,399812,10223.978
2015-12-25,40.39404015096586,54.07893613529117,6.219621291467233,399812,10228.154
2015-12-28,39.18129977324213,54.00375366055644,6.0273307160714005,399812,9970.577
2015-12-29,39.44791726544641,53.72557850403793,6.04618518999084,399812,10030.351
2015-12-30,39.46699074666531,53.95112592824213,6.106579797361217,399812,10050.661
2015-12-31,39.11645504059607,53.48499458488679,5.980142675707741,399812,9919.086
2016-01-04,35.896826638352834,48.43471629322903,5.479759546277975,399812,9076.631
2016-01-05,35.8100179643757,46.96274647959952,5.431955117150356,399812,8973.272
2016-01-06,36.50003270233324,48.36437883729364,5.492992501420274,399812,9133.518
2016-01-07,33.52263732997509,44.69843633551684,4.951633763790558,399812,8356.321
2016-01-08,34.153275274601235,45.12922568684567,4.965180914273867,399812,8490.629
2016-01-11,31.96533553543121,42.41249728943495,4.596341105764816,399812,7954.997
2016-01-12,32.40568045744201,43.06152721184624,4.687332038662113,399812,8079.683
2016-01-13,31.535402033839173,41.53150221634118,4.562419437814956,399812,7840.488
2016-01-14,32.50273602868205,42.71004487902586,4.662030823213913,399812,8125.058
2016-01-15,31.357818236761325,41.02116296966842,4.609567141439507,399812,7840.181
2016-01-18,31.6565285430043,41.56619137192655,4.674790775435115,399812,7949.883
2016-01-19,32.636519679076336,42.96240090799711,4.857567129007083,399812,8204.883
2016-01-20,31.951759112302664,42.2178297747886,4.712255173981069,399812,8050.291
2016-01-21,30.90996091087809,40.60214971230714,4.47626282409601,399812,7753.338
2016-01-22,31.259414494632765,41.533504583270485,4.564955915547134,399812,7854.836
2016-01-25,31.560732096849435,42.23154874599851,4.656122709681337,399812,7938.566
2016-01-26,29.422259743408883,39.06347235617912,4.376977711889492,399812,7352.891
2016-01-27,29.278888003578743,39.346729209599474,4.285464731384965,399812,7345.317
2016-01-28,28.51103585911705,38.54384840136642,4.07487052067314,399812,7103.664
2016-01-29,29.55316061804972,39.8830163198213,4.244448506978183,399812,7372.443
2016-02-01,29.21972101229982,39.74736320594232,4.246225161433738,399812,7315.12
2016-02-02,30.07741878992788,40.87196346699312,4.4128970152854485,399812,7547.811
2016-02-03,30.06526359320212,40.87958993425208,4.461904880426223,399812,7567.102
2016-02-04,30.55492479901025,41.530486494581325,4.534743442461977,399812,7711.041
2016-02-05,30.425956982974387,41.267347833009765,4.610667677838754,399812,7655.186
2016-02-15,30.34198039101365,42.18578832132712,4.625988353393508,399812,7677.22
2016-02-16,31.44259820337396,43.75425194158655,4.750434007885376,399812,7948.674
2016-02-17,31.620483169010857,43.43794333855223,4.771276720414617,399812,7983.205
2016-02-18,31.42362423981793,42.583545183588896,4.709815062486587,399812,7939.569
2016-02-19,31.50594582727772,43.04687352171731,4.675692533656175,399812,7968.841
2016-02-22,32.27219364453919,45.24907170608735,4.869071404010952,399812,8126.325
2016-02-23,31.768061558294548,44.24570125282506,4.8257234677015415,399812,7999.691
2016-02-24,31.926757413199454,45.19321577514312,4.847403290195116,399812,8015.299
2016-02-25,29.44376885498848,41.47820600161161,4.536285339428307,399812,7383.223
2016-02-26,29.575577130852704,41.12985364569053,4.465300152699636,399812,7376.967
2016-02-29,28.145932018358376,38.83422404979259,4.125095193645219,399812,6985.647
2016-03-01,28.707467666115043,40.36346181984557,4.20800457296292,399812,7125.121
2016-03-02,30.040963037655327,42.15660507368475,4.370585020179602,399812,7450.99
2016-03-03,30.186690393202603,42.232772600305225,4.497390122415876,399812,7474.918
2016-03-04,29.873063475991508,41.22406312315477,4.524217691130623,399812,7315.128
2016-03-07,30.20181284175783,41.40824893238583,4.527931883854295,399812,7424.643
2016-03-08,30.40556151644876,41.879645238346654,4.600000608021283,399812,7499.843
2016-03-09,29.93378313539458,40.80575336368767,4.530732275740695,399812,7386.819
2016-03-10,29.2794951634492,40.12557050031411,4.357436941603052,399812,7264.928
2016-03-11,28.63229193819149,40.43664924668632,4.315635334418078,399812,7290.403
2016-03-14,29.43550878792367,41.632788685670704,4.44669120372029,399812,7525.923
2016-03-15,29.47232652311892,41.84787108758833,4.494727652645539,399812,7511.592
2016-03-16,29.388580903209306,41.45977725731542,4.431026268736824,399812,7463.197
2016-03-17,30.17120508625227,42.50732808513691,4.5242381216558645,399812,7678.478
2016-03-18,30.92153496909033,43.848627703185336,4.620688540929077,399812,7890.354
2016-03-21,31.54452067002863,44.018414047857206,4.76119709741143,399812,8043.952
2016-03-22,31.294968403457936,44.05808991474278,4.860310680146995,399812,8020.742
2016-03-23,31.416259368093577,44.7804076261556,4.87026144917119,399812,8062.21
2016-03-24,31.078077585922067,43.723857365973664,4.819074998035554,399812,7960.92
2016-03-25,31.41043350956821,43.87139341677792,4.819336212748341,399812,8026.961
2016-03-28,31.0951010599026,43.384058090935625,4.871713925038048,399812,7980.396
2016-03-29,31.21442626251974,43.42490174797146,4.62120696598823,399812,7805.876
2016-03-30,32.260363827733386,44.84501789642684,4.815406469643152,399812,8070.929
2016-03-31,32.26381516921341,44.97250479197132,4.743829140796452,399812,8093.352
2016-04-01,32.10484666898334,44.30507550614383,4.722827032331739,399812,8051.512
2016-04-05,32.71612804775393,45.06599418325064,4.953344268507484,399812,8229.399
2016-04-06,32.711946411057625,44.89995347982755,4.877906133436278,399812,8239.501
2016-04-07,32.16605091383795,43.80847955695765,4.843408667313183,399812,8096.289
2016-04-08,31.838249632211227,43.824574654610814,4.782640707513097,399812,8049.212
2016-04-11,32.449841504191,45.194323109586406,4.879092998789164,399812,8233.972
2016-04-12,32.27834004477846,44.95182132327498,4.862247483334334,399812,8186.832
2016-04-13,32.62499285303859,45.14301315629032,4.97371529633882,399812,8269.546
2016-04-14,32.86826171214636,45.75749178569421,5.013638030233082,399812,8349.248
2016-04-15,32.79312456082555,45.5090399445499,5.0223424326229535,399812,8309.368
2016-04-18,32.23835021835949,44.41708963439461,4.885036252863397,399812,8177.743
2016-04-19,32.33449919253366,44.28561521608336,4.815821458945314,399812,8196.587
2016-04-20,31.228181344224428,42.885313736576194,4.490364224895241,399812,7890.612
2016-04-21,30.971348893746715,42.54575805253333,4.418701228932715,399812,7784.05
2016-04-22,31.17204226312085,43.05958129416612,4.48812768344974,399812,7862.308
2016-04-25,31.368945511966555,42.529729327997416,4.452706017072551,399812,7824.104
2016-04-26,31.472946057290404,40.71142763318783,4.477313975973412,399812,7907.218
2016-04-27,31.045907371312488,41.051667115832046,4.407596752380719,399812,7892.784
2016-04-28,31.09480914862104,41.68547245914115,4.405410033775164,399812,7894.409
2016-04-29,31.435644941140552,41.54233243987491,4.430070953051974,399812,7899.168
2016-05-03,32.41928192903839,43.65973390868777,4.488191942745015,399812,8114.798
2016-05-04,32.46874631269712,43.15523820611197,4.427171059957382,399812,8113.102
2016-05-05,32.57932299432545,43.23502603408754,4.481480892349898,399812,8149.717
2016-05-06,31.570641740589164,42.100820529714106,4.390031483611333,399812,7892.835
2016-05-09,30.785449760336405,40.53323942174956,4.15290337720772,399812,7688.511
2016-05-10,30.788309410166267,40.50441902945367,4.093218204771375,399812,7690.871
2016-05-11,31.158097159381207,41.02919333405568,4.062457083013447,399812,7756.302
2016-05-12,31.071427614407025,40.22218564163836,4.046608706225819,399812,7729.75
2016-05-13,30.891772315978688,40.884220039263454,4.081776954190342,399812,7685.301
2016-05-16,31.25824292908466,41.38165026192322,4.197964218322423,399812,7788.889
2016-05-17,31.10595253346105,41.82446614567681,4.163752919829609,399812,7771.663
2016-05-18,30.61021545348072,40.79930097386624,3.9608205312892935,399812,7621.133
2016-05-19,30.60715877070541,40.91151818809986,4.006122102045659,399812,7635.874
2016-05-20,30.773941913558552,41.438124556783336,4.117562337104348,399812,7679.165
2016-05-23,31.02017439763163,41.59539632890244,4.192178269297568,399812,7750.366
2016-05-24,30.74680879432636,41.014937562806,4.143311929238353,399812,7689.965
2016-05-25,30.598077950925568,41.04855347547003,4.097329701639359,399812,7652.424
2016-05-26,30.65299884376561,41.31978610276791,4.194150592768134,399812,7679.106
2016-05-27,30.63185621330452,40.85593670927327,4.129037355630807,399812,7679.609
2016-05-30,30.39880183088831,40.5500680664631,4.156256332375127,399812,7637.324
2016-05-31,31.527208850103747,43.13408624427177,4.342683892868431,399812,7914.178
2016-06-01,31.48768543930513,43.33015038372784,4.40015776690554,399812,7918.374
2016-06-02,31.568262443453964,43.22574529152647,4.460601423560117,399812,7941.866
2016-06-03,31.9730869685422,43.58114345995951,4.484206402854476,399812,8046.322
2016-06-06,31.88265168996373,43.03594990363048,4.4521805519084126,399812,8031.867
2016-06-07,31.93678669489243,42.74224933934348,4.467907882214616,399812,8033.506
2016-06-08,31.68636336609712,42.56045165443417,4.420843637084971,399812,7965.672
2016-06-13,31.21176022878401,42.17768244350381,4.334259357459384,399812,7599.686
2016-06-14,31.28436708198628,42.35855385566484,4.33411976140591,399812,7599.454
2016-06-15,31.87176356170736,43.539047427999,4.424325091845367,399812,7770.14
2016-06-16,31.479899005766512,42.75669997573287,4.474203809184075,399812,7679.372
2016-06-17,31.744528863597,43.1742122377707,4.456122653905954,399812,7742.74
2016-06-20,31.749818186379795,42.48952949985025,4.564402358932872,399812,7735.755
2016-06-21,31.538889476358182,42.6304237934269,4.532315992196655,399812,7684.285
2016-06-22,31.88370994278941,43.19825166830903,4.62094582532155,399812,7776.886
2016-06-23,31.776005621047783,43.07807937741225,4.550490948644335,399812,7748.566
2016-06-24,31.397807867016382,42.01767320704809,4.767790985863572,399812,7661.687
2016-06-27,31.93898940641378,42.83346373238631,4.795204178359612,399812,7802.798
2016-06-28,32.42907201404239,45.35725958219331,4.780987772219212,399812,7947.992
2016-06-29,32.42074815320088,44.764272498449714,4.741626189048588,399812,7929.806
2016-06-30,32.64123072340712,45.09352593619581,4.778632995340624,399812,7991.792
2016-07-01,32.56484448757298,45.23319508956759,4.7847232104121975,399812,7959.801
2016-07-04,33.021033076396044,45.9389176570608,4.843674676684019,399812,8064.668
2016-07-05,32.99919060542748,45.77077835356171,4.840109883343022,399812,8056.51
2016-07-06,33.23363692031389,46.317786426569526,4.982682101275747,399812,8125.01
2016-07-07,33.25895800354933,46.306675877455376,5.057439233943136,399812,8137.975
2016-07-08,33.08115036770272,45.9171008677353,4.9555883974187855,399812,8104.992
2016-07-11,33.2509483190145,45.42948297749148,5.002991938104687,399812,8126.939
2016-07-12,34.09091999798012,46.76296810001072,4.960492277728838,399812,8298.368
2016-07-13,34.28993202132099,46.569698082932895,5.154234175323068,399812,8385.372
2016-07-14,34.29301079066993,46.91335692106372,5.111273782148097,399812,8388.3
2016-07-15,34.30055865655139,46.59638487155064,5.145491559668346,399812,8389.319
2016-07-18,34.11425228686715,46.04645754568439,5.130937413071321,399812,8358.454
2016-07-19,34.00100223631346,46.41926715077511,5.12393033742171,399812,8355.905
2016-07-20,34.03895912265994,46.76956280577683,5.156548111144703,399812,8365.493
2016-07-21,34.167445662064694,46.85008900355858,5.1669813863697165,399812,8375.777
2016-07-22,33.788583768890526,46.64782077009734,5.16206238912137,399812,8315.524
2016-07-25,33.937543278424165,46.69524539352234,5.145359806622919,399812,8356.763
2016-07-26,34.35683746901197,46.61058116635554,5.229002541384773,399812,8450.212
2016-07-27,33.6847131917398,46.28787790455663,5.0106231458524455,399812,8208.21
2016-07-28,33.91933527749654,45.885080018341256,4.937997573351684,399812,8223.288
2016-07-29,33.731580756691955,46.16327283576588,4.9031012110167564,399812,8189.443
2016-08-01,33.405442509979935,46.40833503817365,4.873500209655675,399812,8070.447
2016-08-02,33.51440859968983,46.61359709898324,4.89971274527994,399812,8123.11
2016-08-03,33.50140464565032,46.7456558843115,4.867298159062656,399812,8129.514
2016-08-04,33.47116314334077,46.35758169948822,4.924513720032904,399812,8143.202
2016-08-05,33.423601035546305,46.11184728111098,4.8535464017448975,399812,8116.861
2016-08-08,33.72538286048736,46.39645735112049,4.870150000936763,399812,8199.237
2016-08-09,34.020855027386226,46.77411615522124,4.761833048236936,399812,8270.835
2016-08-10,33.820198736341766,46.292842939669896,4.787951852368542,399812,8231.985
2016-08-11,33.55816946732371,46.36568181787258,4.713653376459726,399812,8155.391
2016-08-12,33.99060332988479,47.48532856406951,4.757387664985023,399812,8250.78
2016-08-15,34.938360547559725,48.71745301225627,4.867143705672521,399812,8433.747
2016-08-16,34.7160153204584,48.49117758284319,4.87815103627394,399812,8433.011
2016-08-17,34.90989880138551,48.210563237278166,4.849361565532471,399812,8470.596
2016-08-18,34.698571615143194,47.93826841482389,4.802187378429792,399812,8446.499
2016-08-19,34.587119270157125,48.15881362522975,4.790421807095102,399812,8446.078
2016-08-22,34.38010487072064,47.42482449016356,4.717154001756565,399812,8386.029
2016-08-23,34.42602924542352,47.797330159472665,4.7997454204235455,399812,8399.719
2016-08-24,34.27567161215561,46.30128162972789,4.832441732130798,399812,8408.295
2016-08-25,34.076555349576985,46.80135016080328,4.81247420210744,399812,8339.348
2016-08-26,34.45307041278358,46.887538267249,4.804007769288622,399812,8368.292
2016-08-29,34.381665685240904,46.74329251645723,4.695979746951634,399812,8375.907
2016-08-30,34.64361632463197,45.68857236609726,4.737186575377329,399812,8356.996
2016-08-31,35.153274075299144,45.64972839611886,4.68716799405048,399812,8378.236
2016-09-01,34.92793777146999,45.57952887002737,4.683408070053877,399812,8325.438
2016-09-02,34.97670813983413,46.27764884019617,4.627947652029446,399812,8325.804
2016-09-05,35.022968790346546,46.33939524519951,4.592786369920113,399812,8326.735
2016-09-06,35.3636851456093,46.87766153618021,4.677492940943489,399812,8420.582
2016-09-07,35.28985829715866,46.61534166628187,4.637843948818086,399812,8403.425
2016-09-08,35.367693227806896,46.84751235370527,4.64579260880687,399812,8421.661
2016-09-09,35.141012874713304,46.40412908828944,4.626190279247311,399812,8360.054
2016-09-12,34.41189313768865,45.44623555486547,4.510242295862746,399812,8161.629
2016-09-13,34.37031947755104,45.52850781111209,4.48592364536399,399812,8159.836
2016-09-14,34.20480927626111,45.24117027747134,4.4612596747829,399812,8134.768
2016-09-19,34.54086394444316,45.63941489273005,4.496161366305179,399812,8220.753
2016-09-20,34.49659240435805,45.9220010889523,4.5548190404920135,399812,8211.969
2016-09-21,34.57322038490528,46.10986214257211,4.571879878460122,399812,8229.294
2016-09-22,34.741195111316685,46.17825524232328,4.567301341968378,399812,8265.713
2016-09-23,34.646991722362905,45.653562991851125,4.560043529437731,399812,8238.845
2016-09-26,33.98663907622075,44.7477368610271,4.472616640590868,399812,8075.305
2016-09-27,34.18149707367269,45.0023736915483,4.5006952150862265,399812,8123.742
2016-09-28,34.085006647958146,44.837344262531545,4.575895747117668,399812,8097.356
2016-09-29,34.247175601137634,44.76472361447858,4.560388849520066,399812,8122.269
2016-09-30,34.319962513195186,44.874499942447926,4.601813025697625,399812,8146.904
2016-10-10,34.89761888552151,45.70601183241057,4.629328932358786,399812,8314.802
2016-10-11,34.94648603860751,45.52271369671419,4.616283963048224,399812,8330.292
2016-10-12,34.95544740208529,45.39666766099269,4.588077416222394,399812,8338.44
2016-10-13,34.90845918428451,45.27815127537807,4.603066333696493,399812,8335.341
2016-10-14,34.81603769584116,44.95948090174565,4.590194024427098,399812,8312.44
2016-10-17,34.50978866114933,44.86525582364054,4.553175724700115,399812,8249.109
2016-10-18,34.919406715687494,45.21130962548765,4.627902964318751,399812,8346.515
2016-10-19,34.884630447434105,45.31319239217572,4.630019572523455,399812,8339.476
2016-10-20,34.87008125026478,45.04781806148026,4.612223406679981,399812,8335.84
2016-10-21,34.68098465970953,44.84033479224256,4.597925129370552,399812,8301.519
2016-10-24,34.96900569853024,45.3645559622468,4.648896386324629,399812,8372.176
2016-10-25,34.7722945130228,45.18563827926414,4.669134838604852,399812,8379.973
2016-10-26,34.67134027554807,45.00670640839894,4.668406759341028,399812,8389.295
2016-10-27,34.42380928404977,44.97045440738628,4.685003597427752,399812,8357.241
2016-10-28,34.1569895802416,44.62255364249654,4.647334988433565,399812,8328.2896
2016-10-31,33.94870204436758,43.38329481143296,4.621396072091987,399812,8307.6856
2016-11-01,34.15863837443545,43.53567140659818,4.63233493927381,399812,8358.3432
2016-11-02,33.946996662464095,43.36719479745811,4.641192471308189,399812,8304.6128
2016-11-03,34.111746740684296,43.21445252932328,4.649861628920602,399812,8340.6776
2016-11-04,34.0680497668905,43.14670783609482,4.671329682619017,399812,8339.8432
2016-11-07,34.05959661201729,43.027892922476575,4.662933645450092,399812,8340.7272
2016-11-08,34.3146213990069,43.27160914972825,4.702403479287957,399812,8410.8904
2016-11-09,34.00521597563458,42.87002362464256,4.624622098261469,399812,8331.1392
2016-11-10,34.330078771983175,43.45079298731405,4.668501395753923,399812,8412.6707
2016-11-11,34.34823652465536,44.067055812006274,4.701615122597856,399812,8403.6847
2016-11-14,34.34598317153481,44.49848202833376,4.714027318378399,399812,8407.6099
2016-11-15,34.47510527815899,44.83071575212632,4.776518611874032,399812,8442.3266
2016-11-16,34.48513222959102,44.98956941685983,4.78350440804286,399812,8457.4741
2016-11-17,34.38283628491611,44.76914950089365,4.748157707941076,399812,8410.5079
2016-11-18,34.225761791565915,44.61795493661031,4.722073391553424,399812,8370.8477
2016-11-21,34.31937350142498,44.47287623239077,4.721200167032322,399812,8394.13
2016-11-22,34.67626990707,44.44126455953168,4.758823454679412,399812,8471.1504
2016-11-23,34.54138040150744,44.17958200075952,4.704278410448622,399812,8426.545
2016-11-24,34.78879232031445,43.95461210827851,4.659139188129606,399812,8450.2312
2016-11-25,35.037846632559344,44.18807431555031,4.719067017684655,399812,8494.2377
2016-11-28,35.02852976109975,44.31194757480496,4.704134972250984,399812,8492.9482
2016-11-29,35.086456530018374,43.932067282411175,4.696519213668873,399812,8498.9114
2016-11-30,35.05105703910803,44.23174723427134,4.744321723838658,399812,8508.6025
2016-12-01,35.11634105681571,44.14699375280049,4.703835500520436,399812,8524.063
2016-12-02,34.709782467269605,43.93572358074425,4.643491698737129,399812,8413.1268
2016-12-05,34.39099251941425,43.77840392948626,4.6800713859655465,399812,8337.5663
2016-12-06,34.228788101018424,44.31863608786568,4.643564584947382,399812,8318.5809
2016-12-07,34.39395850420731,43.747950545566894,4.660586165441264,399812,8400.0403
2016-12-08,34.11133651423742,43.28420496426998,4.602404784928422,399812,8328.5056
2016-12-09,34.05836570520109,42.1569024312908,4.618210054883196,399812,8304.671
2016-12-12,32.40732931033497,38.28485967714228,4.536462348859869,399812,7960.9999
2016-12-13,32.36494243031829,38.35287503830234,4.571671856577284,399812,7947.4084
2016-12-14,32.144324955072186,37.93035586935525,4.5133639737876425,399812,7889.3748
2016-12-15,32.042519961463256,38.62421139128621,4.501642967111284,399812,7882.7056
2016-12-16,32.26112389939173,39.21227318601423,4.548957583882848,399812,7949.4514
2016-12-19,32.20106379398348,38.15883110525224,4.50908579636591,399812,7917.888
2016-12-20,32.06951768426405,37.95568434117153,4.452372925649616,399812,7896.4079
2016-12-21,32.2602635271851,38.37849606660245,4.462591509074274,399812,7941.7751
2016-12-22,32.19131249830832,37.98198419228892,4.463015857450014,399812,7918.5522
2016-12-23,31.908040526646666,37.81738933714766,4.341848420984848,399812,7849.9794
2016-12-26,32.043414584113094,37.91281605967998,4.372774541863288,399812,7874.9211
2016-12-27,32.012579771502914,37.58343968611592,4.440669284735506,399812,7863.9029
2016-12-28,31.91461523306788,37.641363697043886,4.466038751314223,399812,7840.9089
2016-12-29,31.86484372119937,37.44106759470094,4.419004658581374,399812,7823.6435
2016-12-30,32.07416026372352,37.39894611756437,4.444130654223439,399812,7874.08
2017-01-03,32.28642729960985,38.01658995808886,4.454002967330295,399812,7924.0682
2017-01-04,32.50344529757966,38.30729061216358,4.552414203079559,399812,7986.0105
2017-01-05,32.45384747693229,38.36891336813136,4.506860629778823,399812,7977.3517
2017-01-06,32.15881369647721,37.929224615549344,4.449815427926209,399812,7910.1482
2017-01-09,32.277634357037584,37.94749121931508,4.475734901253231,399812,7936.4922
2017-01-10,32.224073370272286,38.041833336104375,4.470275409713464,399812,7918.6214
2017-01-11,32.202656119611454,38.00938293118776,4.454517482466253,399812,7855.9644
2017-01-12,31.71462914276372,37.4594509387584,4.439840455237102,399812,7801.0724
2017-01-13,31.562644782726228,37.2534433991641,4.472223099511227,399812,7754.608
2017-01-16,31.132813146634348,36.120276330296775,4.381558214141764,399812,7617.7436
2017-01-17,31.44451753898544,36.54503126113968,4.496524031996337,399812,7699.6872
2017-01-18,31.382187487806416,36.66243556526378,4.421369230310168,399812,7676.1999
2017-01-19,31.370171628886364,36.87117401464064,4.454891097899463,399812,7658.8043
2017-01-20,31.76572399715987,37.26107089231185,4.519899965151131,399812,7761.6087
2017-01-23,31.84988699812119,37.32498574907031,4.5200623191823,399812,7786.2457
2017-01-24,31.737895172168965,37.16929154633955,4.520646596679345,399812,7747.1588
2017-01-25,31.9221364776197,37.72937325653149,4.540916919773617,399812,7791.578
2017-01-26,32.14436088133139,38.64237192297757,4.527912461186903,399812,7844.9646
2017-02-03,31.95649350719504,38.20709294479885,4.533282189829901,399812,7794.8619
2017-02-06,32.17255931078625,39.14359994449839,4.5349107378050295,399812,7858.7571
2017-02-07,32.10224456199749,38.5610352732227,4.543656045356442,399812,7827.2124
2017-02-08,32.21078891225063,38.88424754633552,4.600600370821342,399812,7852.7065
2017-02-09,32.294834482530426,38.89047927210816,4.595363416540391,399812,7880.8631
2017-02-10,32.211104122442144,38.319271577952485,4.601001872179751,399812,7852.9117
2017-02-13,32.44051313843412,38.18431345101685,4.586109503156679,399812,7911.6758
2017-02-14,32.40891696796686,38.71039073116071,4.643776077701952,399812,7907.7676
2017-02-15,32.13424042570806,37.940964980392266,4.637455901226583,399812,7835.2653
2017-02-16,32.28079782835361,38.01953908259601,4.644863314216878,399812,7865.2543
2017-02-17,32.13458943280474,37.97241812240567,4.608905345188111,399812,7837.9086
2017-02-20,32.506286710388075,38.008937578550615,4.6859443968842704,399812,7921.4462
2017-02-21,32.741919546455314,38.67299734882643,4.755839938107913,399812,7991.8456
2017-02-22,32.81284457807619,38.52278171608562,4.725802931897816,399812,7998.7149
2017-02-23,32.8783775022409,38.78500409933736,4.715419115935772,399812,8023.0873
2017-02-24,33.117223952195744,40.12912450476759,4.701728993117383,399812,8083.7535
2017-02-27,32.94968850240584,40.32855335413507,4.715511441380778,399812,8050.9695
2017-02-28,33.023299358037804,40.06462740656663,4.701150215009905,399812,8063.1335
2017-03-01,33.0274899500213,39.82737952687664,4.728373463393291,399812,8070.9283
2017-03-02,32.81731757536696,39.33406148510005,4.691816168915512,399812,8018.2794
2017-03-03,32.85010406183473,39.48312444622253,4.668256336434174,399812,8022.8881
2017-03-06,33.13735486057091,39.678070471615946,4.663323461466177,399812,8083.6526
2017-03-07,33.29245553431826,40.50047477600359,4.662528803374381,399812,8127.2787
2017-03-08,33.09071772181546,40.1153707910181,4.57396006158903,399812,8065.1002
2017-03-09,32.86778429077797,39.63399080978625,4.5217642566637,399812,8010.4826
2017-03-10,32.86219154319964,38.58528860197468,4.501480863860921,399812,8027.8801
2017-03-13,33.16180663187628,39.37706052271764,4.485868114658756,399812,8107.1154
2017-03-14,33.10704791644907,39.22645483520373,4.472747084105556,399812,8093.4556
2017-03-15,32.98293780769052,38.72729198236165,4.26134713190393,399812,8069.0911
2017-03-16,33.08395260514355,39.42631884352027,4.383049857649566,399812,8104.4549
2017-03-17,32.880669348578905,38.50197404569067,4.352848088691308,399812,8050.9666
2017-03-20,33.054018307528835,38.05887941712885,4.287068040964824,399812,8068.9116
2017-03-21,33.47950416813665,38.20315279102688,4.303152061103356,399812,8112.0029
2017-03-22,34.581815753959816,38.18514111528869,4.395449134491116,399812,8110.7281
2017-03-23,34.6719142996292,38.09044946506441,4.402973381969554,399812,8132.2619
2017-03-24,34.692163928678845,37.68048484497791,4.429452795811686,399812,8155.1969
2017-03-27,34.496945529140106,37.200010059637776,4.436379033936463,399812,8120.2331
2017-03-28,34.434762668619825,37.12800700396793,4.393788956280638,399812,8083.4056
2017-03-29,34.235991414839894,36.95718530469941,4.339959197041093,399812,8033.1957
2017-03-30,33.65023428346515,36.26280921394356,4.266597463630598,399812,7909.1261
2017-03-31,33.84906949555444,36.542401189607176,4.275292949860784,399812,7988.38
2017-04-05,34.28961704884816,37.100189701150384,4.319261864662362,399812,8082.433
2017-04-06,34.29395249379126,37.01697535911104,4.313429853007655,399812,8082.8794
2017-04-07,34.3066688490016,37.12026011501155,4.307742740648321,399812,8088.2775
2017-04-10,33.54883604668837,36.63015202087176,4.201835061463256,399812,8008.4963
2017-04-11,33.521155791421826,36.48068413601823,4.208317332430575,399812,7984.0859
2017-04-12,33.40391477092684,36.33206548149385,4.116962751420365,399812,7956.9488
2017-04-13,33.53198098416291,36.4022676472796,4.123531311118445,399812,7991.1562
2017-04-14,33.19763641877983,36.34325176863688,4.105279903988172,399812,7929.8544
2017-04-17,32.99139289516369,35.86643263019903,4.054422567872113,399812,7904.2836
2017-04-18,32.924448296138884,35.715569300176895,3.9789193295434897,399812,7902.7894
2017-04-19,32.84345410408371,35.843294428121624,4.039296647751719,399812,7871.3894
2017-04-20,33.138375478208374,36.688531744719086,4.021742542778335,399812,7942.6335
2017-04-21,33.13701432965604,36.97723640159947,4.007356026162555,399812,7932.2018
2017-04-24,32.66067486751724,36.84844942191789,3.7971552418460233,399812,7862.8572
2017-04-25,32.62669370242516,36.5759587177628,3.842535081709224,399812,7884.6631
2017-04-26,32.344419258103585,35.394990238455776,3.877849217594007,399812,7875.7254
2017-04-27,32.4078347296273,36.59275246042255,3.990999555985436,399812,7918.1337
2017-04-28,32.1148134047005,36.79749250592144,4.005088116317059,399812,7919.14
2017-05-02,31.52822654711696,35.86828292836053,3.841823460868202,399812,7900.1857
2017-05-03,31.48118420908467,35.38203855766274,3.784154533489205,399812,7880.6652
2017-05-04,31.394212931802706,35.05795372395693,3.78534144827502,399812,7856.4723
2017-05-05,31.244662981916,34.61451968409749,3.76889963448593,399812,7817.7278
2017-05-08,31.18506451518616,34.140294763983405,3.781021128775784,399812,7802.9388
2017-05-09,31.17457171158371,35.17501097812931,3.753894546067654,399812,7815.171
2017-05-10,31.06875413649184,34.61706651939515,3.7383572898150623,399812,7773.3597
2017-05-11,31.07310986491524,33.578552693443314,3.786890573448456,399812,7774.6258
2017-05-12,31.161781523013254,33.48954600816184,3.824746232546074,399812,7797.7413
2017-05-15,31.33148271727333,33.69742898367306,3.817493391017293,399812,7839.5182
2017-05-16,31.71967231271415,34.201600523943384,3.8918733465355575,399812,7940.8068
2017-05-17,31.741197584166613,35.284251228343415,3.8884012561795247,399812,7935.9815
2017-05-18,31.710200353722616,34.95650529396906,3.897928061388078,399812,7929.2712
2017-05-19,31.698458662800192,34.806287214935935,3.867887842122411,399812,7935.4249
2017-05-22,31.69224830878764,34.42244549688003,3.8105816230431135,399812,7924.1347
2017-05-23,31.509680413804563,33.74843240570921,3.801790829556551,399812,7876.6647
2017-05-24,31.503256785650333,33.6725936507185,3.8597484720266166,399812,7875.0589
2017-05-25,31.84192058100962,34.06706886000332,3.901323389370483,399812,7936.2224
2017-05-26,31.806968558995223,34.25091865478387,3.849467690621177,399812,7923.97
2017-05-31,31.862035052965,34.57164091334342,3.916813505027696,399812,7929.4858
2017-06-01,31.61189079249393,34.62991788115532,3.8826111384856254,399812,7882.1002
2017-06-02,31.609405691812267,34.43057903527824,3.98423338767668,399812,7883.8873
2017-06-05,31.599256502794773,34.437098202764545,3.9908591747476008,399812,7888.0771
2017-06-06,31.82742974138608,34.128989905267524,3.978693022168744,399812,7939.3746
2017-06-07,32.40664632025822,34.607542870329226,4.019746687917152,399812,8082.1046
2017-06-08,32.6852009684239,34.699918402889864,3.989608226744356,399812,8147.8588
2017-06-09,32.79507051015615,35.27302239156609,4.0567510536193945,399812,8167.7837
2017-06-12,33.63880931479857,36.80675866818628,4.472066559179787,399812,8129.7731
2017-06-13,33.84818639911916,37.26925075787111,4.506796590168092,399812,8188.4997
2017-06-14,33.47248415826735,37.42115865236921,4.519542732163483,399812,8104.8465
2017-06-15,33.55919871428037,36.89785017182765,4.575844054782749,399812,8140.7528
2017-06-16,33.540343860185075,36.91238084142426,4.585569431817016,399812,8123.0676
2017-06-19,33.798206036908184,37.05678894876317,4.6080594981172265,399812,8170.9425
2017-06-20,33.59889276671912,36.62487194376764,4.576306082718448,399812,8120.8772
2017-06-21,34.067638128851144,37.77762384591654,4.64514137876114,399812,8189.1367
2017-06-22,33.88913195587236,37.52007624473868,4.6778101579294695,399812,8138.6777
2017-06-23,34.070417711960175,37.43327358672327,4.66428851825988,399812,8183.298
2017-06-26,34.55361751883217,38.27581047085906,4.738121089701028,399812,8276.4482
2017-06-27,34.68246157316751,38.2906753249397,4.739847559224785,399812,8304.3915
2017-06-28,34.328790000978294,37.72570732108821,4.700188374216993,399812,8229.553
2017-06-29,34.53057816043114,37.76512866464397,4.723590325265652,399812,8274.0004
2017-06-30,34.625035813740524,37.92232717697738,4.7145687676580526,399812,8305.7261
2017-07-03,34.54299702122547,38.05193699570692,4.7450643472521294,399812,8310.0358
2017-07-04,34.16427235145302,37.92085224612505,4.676326227653984,399812,8222.3407
2017-07-05,34.457791389729834,37.655073096020175,4.720314622082171,399812,8283.0857
2017-07-06,34.21582542875818,37.54636978926385,4.659847013610178,399812,8227.4023
2017-07-07,34.12341216566441,37.72183652762235,4.620938103818541,399812,8209.5437
2017-07-10,33.88055983237288,37.46505568358942,4.554107124833864,399812,8145.3663
2017-07-11,33.85223219564526,36.709219152963485,4.49020434204047,399812,8124.9675
2017-07-12,33.676643810304455,36.921307070427815,4.550522236494521,399812,8090.4679
2017-07-13,33.70184274402466,37.11138277157222,4.601708168964105,399812,8093.5305
2017-07-14,33.61250040873108,36.96282668175381,4.678312924746696,399812,8069.8258
2017-07-17,32.70467451210517,35.76209144300011,4.48142389560773,399812,7850.0988
2017-07-18,32.757426343065895,36.19421934316523,4.635520096955903,399812,7870.3003
2017-07-19,33.06999598486199,36.50945973023836,4.6537564322321785,399812,7934.637
2017-07-20,33.046701845252315,35.554945954398406,4.716433934780132,399812,7973.1077
2017-07-21,32.99850123605062,35.452453320917954,4.726352404323315,399812,7964.2993
2017-07-24,32.996505933947354,36.29211873052133,4.720370328385357,399812,7968.4609
2017-07-25,32.98554073909318,36.3807414093354,4.716652840077918,399812,7986.5712
2017-07-26,32.80822968853892,36.54870481445626,4.625897638048645,399812,7930.0792
2017-07-27,33.209948416838984,37.26859006853613,4.673063981381514,399812,8043.4333
2017-07-28,33.11413688903748,36.72657079834126,4.708768114571621,399812,8024.1202
2017-07-31,33.215109687677526,37.20254492852058,4.692220179007368,399812,8054.648
2017-08-01,33.37066544469694,37.018243296065535,4.488068490407851,399812,8085.7942
2017-08-02,33.04103033224129,36.944558271811616,4.476909412785499,399812,8018.8934
2017-08-03,32.9285675692735,37.50341752880379,4.441078876163986,399812,8005.9801
2017-08-04,32.58207771208206,36.687678964332704,4.39691027886558,399812,7923.9814
2017-08-07,32.77858068950724,36.77518460094948,4.370153843780631,399812,7970.3455
2017-08-08,32.937588759777775,36.74352682162011,4.424435349849995,399812,8029.3524
2017-08-09,33.20845867155126,36.745340856724624,4.388212801541645,399812,8077.8132
2017-08-10,32.94889218409752,36.41762662015658,4.363633393125795,399812,8024.5382
2017-08-11,32.59633387485746,36.38140386937964,4.318581496926151,399812,7951.8167
2017-08-14,33.049129540032176,37.00867797878325,4.432458194708325,399812,8071.1938
2017-08-15,33.01597438241436,36.79394479124869,4.4021163421846445,399812,8074.9099
2017-08-16,33.19686634518656,37.20782281527585,4.575174350810683,399812,8132.7365
2017-08-17,33.33904086847401,37.03820040790773,4.597813235911117,399812,8137.1921
2017-08-18,33.3132623259928,36.93006509700693,4.576062593088283,399812,8127.8087
2017-08-21,33.555949417997006,36.9862503771143,4.593769293256973,399812,8180.5886
2017-08-22,33.49719932516972,36.90671192478999,4.571685926343871,399812,8151.7607
2017-08-23,33.412855872410084,36.553653332229885,4.502103118214336,399812,8117.9286
2017-08-24,32.616803519716576,35.63778281832613,4.494469905981971,399812,8029.4706
2017-08-25,32.78330760281455,35.24310754729045,4.6153991869647655,399812,8108.828
2017-08-28,33.021674037993314,35.72392706530806,4.750489730987926,399812,8189.2506
2017-08-29,32.4441026971926,33.93989979307718,4.671918046554543,399812,8174.6145
2017-08-30,32.348056300114905,33.66905925708727,4.669385334382861,399812,8179.8785
2017-08-31,32.34197858697954,33.46219717644497,4.713010932195178,399812,8198.5449
2017-09-01,32.31187541603921,33.41580545461222,4.696595748575473,399812,8193.1816
2017-09-04,32.435313203311985,34.17138329719093,4.850854267737433,399812,8237.0534
2017-09-05,32.53163347823597,33.28134068168296,4.776650452531911,399812,8266.1814
2017-09-06,32.47810974670658,33.46099561814499,4.85658271305606,399812,8259.7493
2017-09-07,32.41149981624341,33.53801693136492,4.757646336477244,399812,8231.3091
2017-09-08,32.4674053956119,33.982928401330724,4.794978030502352,399812,8249.8811
2017-09-11,32.44377711890871,34.71783171076831,4.832084883178901,399812,8244.7485
2017-09-12,32.3373913043566,34.61990462432991,4.80039684756155,399812,8215.4527
2017-09-13,32.442578397172284,34.893945332479106,4.829407882908032,399812,8240.7852
2017-09-14,32.496900809425085,34.94857882359008,4.775485285795428,399812,8240.9373
2017-09-15,32.5147473968626,34.71243695336473,4.802861572790241,399812,8257.68
2017-09-18,32.5562197291683,34.699382421167115,4.77778869831444,399812,8282.4146
2017-09-19,32.439471862452166,34.57339047277476,4.761272003903104,399812,8262.0055
2017-09-20,32.49489972005827,34.60837282782501,4.7489653607996765,399812,8282.5347
2017-09-21,32.32841574630055,34.360198040541704,4.6110481420666565,399812,8231.2544
2017-09-22,32.27268687729897,34.300500368277085,4.585372564769427,399812,8221.1314
2017-09-25,32.20454821954587,34.138643125223446,4.5200030547784085,399812,8218.6712
2017-09-26,32.11825033482089,34.2125995168323,4.599421641530135,399812,8202.8558
2017-09-27,32.07255416444355,34.125077785456,4.607444340551808,399812,8197.8648
2017-09-28,32.172063742038155,33.870817201879404,4.585559634224967,399812,8229.6787
2017-09-29,32.31531037891923,34.177806721816296,4.6139116753717415,399812,8272.0086
2017-10-09,32.69932764716414,34.32976905907526,4.704351447875301,399812,8366.0142
2017-10-10,33.07786942455382,34.57772634349878,4.750106298191053,399812,8466.9923
2017-10-11,33.25814133371676,35.4721415434089,4.72918226556979,399812,8509.5523
2017-10-12,33.23220945755335,35.411705291238626,4.695334593018504,399812,8501.3117
2017-10-13,33.42843797550356,35.59845266244079,4.738480740045857,399812,8552.4788
2017-10-16,33.01593169842826,33.93042765464783,4.692895675850759,399812,8458.0719
2017-10-17,33.02483560942796,34.13952992325206,4.664160285410189,399812,8472.4003
2017-10-18,33.30098024254497,33.73454801600808,4.675559546423079,399812,8540.4481
2017-10-19,33.31743227892014,33.834836505979226,4.590483388611236,399812,8552.4147
2017-10-20,33.35730831480144,34.47322182708402,4.626452224337886,399812,8575.4712
2017-10-23,33.55246651619252,35.19878325021128,4.614221552424065,399812,8659.4203
2017-10-24,33.631529027706186,35.18773724726406,4.5647979758618416,399812,8675.7852
2017-10-25,33.841545811411535,35.049149192626714,4.601653244567219,399812,8727.36
2017-10-26,33.69134551379408,35.09315912266446,4.660530010237462,399812,8705.255
2017-10-27,33.83540621989895,34.58631540020706,4.595539764192413,399812,8722.6058
2017-10-30,32.862713382651194,33.5341920855152,4.558669638697838,399812,8638.758
2017-10-31,31.760007134991167,33.16861433984968,4.517897006294891,399812,8626.7213
2017-11-01,31.703132185309265,33.04685050192877,4.486746361221211,399812,8596.6139
2017-11-02,31.667403585313835,33.130125399184294,4.465689033976643,399812,8577.7984
2017-11-03,31.510233352577764,32.8120492754058,4.445030716251413,399812,8564.0278
2017-11-06,32.02645421521065,33.38665738928384,4.460224533036049,399812,8706.2033
2017-11-07,32.1584805057863,33.574336569191644,4.535584357687314,399812,8744.7578
2017-11-08,32.12340972018258,33.52386258212077,4.517353660796418,399812,8720.697
2017-11-09,32.30097044181691,33.658609262128024,4.538059059788399,399812,8767.0504
2017-11-10,32.537425231591314,33.36435104224562,4.583746650642974,399812,8842.4285
2017-11-13,32.40930129806824,33.076585835379866,4.5907044413718925,399812,8852.4168
2017-11-14,32.04485531545489,32.87591631812643,4.551847485833557,399812,8748.76
2017-11-15,31.98064170255692,32.83812650253584,4.55949621556471,399812,8711.0277
2017-11-16,32.19907991731334,33.3053689094442,4.543020817863688,399812,8794.6011
2017-11-17,31.72268263160629,33.157305301043735,4.51597489660121,399812,8645.137
2017-11-20,31.680415830367583,32.78290953940855,4.580111925639878,399812,8659.9255
2017-11-21,31.94842915083923,33.400894735948114,4.607505679783611,399812,8737.4494
2017-11-22,31.75129396395552,33.02954683798625,4.573435471007885,399812,8681.1685
2017-11-23,30.92731844171986,31.510664826680973,4.514667487300367,399812,8444.1948
2017-11-24,30.84218134079296,31.55866665679693,4.550448701509302,399812,8411.758
2017-11-27,30.605644665642444,31.30513467879307,4.495948171597242,399812,8311.8711
2017-11-28,30.728303512636657,31.390660095570016,4.527786851799241,399812,8367.7298
2017-11-29,30.55489681255961,30.931093512961706,4.477949228024203,399812,8305.3678
2017-11-30,30.28627907285674,30.84168532097183,4.427727862078841,399812,8241.5593
2017-12-01,30.530171249050955,31.009690909540204,4.432177797442009,399812,8317.9984
2017-12-04,30.10225100482552,30.993390257193,4.50521791420409,399812,8340.4968
2017-12-05,29.89653514814436,30.762204824623915,4.418064855074647,399812,8299.713
2017-12-06,30.05897002712712,30.982459092777333,4.407867568752117,399812,8338.3307
2017-12-07,30.012224896743103,31.068695452085464,4.362309517700899,399812,8329.0568
2017-12-08,30.33591183572747,31.115607453203644,4.39841841815814,399812,8429.2564
2017-12-11,30.65237542486717,31.347901080224386,4.478151046527825,399812,8577.118
2017-12-12,30.290951170717733,31.175306190092435,4.3855144715275625,399812,8484.027
2017-12-13,30.413189258363023,31.337551733700582,4.392906486592342,399812,8533.9779
2017-12-14,30.2278718835998,31.581264880968902,4.348921280872798,399812,8502.542
2017-12-15,30.088202034682507,31.338561861060384,4.285413092629816,399812,8498.7
2017-12-18,30.132027767067264,31.572300225977656,4.289043250902202,399812,8469.93
2017-12-19,30.40093263491137,31.80742248729281,4.366455270483296,399812,8549.96
2017-12-20,30.20692126151573,31.7820725520243,4.354555256003716,399812,8526.14
2017-12-21,30.32124668461684,31.782826426344656,4.4146120706072445,399812,8573.76
2017-12-22,30.27400244278893,31.968999796742,4.393654661477949,399812,8553.44
2017-12-25,30.27296735792944,31.77566175664142,4.339494813943787,399812,8540.42
2017-12-26,30.3888954084929,31.73290180938628,4.357716094581332,399812,8546.48
2017-12-27,30.015557241279065,31.435277112888272,4.308744964408003,399812,8443.54
2017-12-28,30.154567611429744,31.35623689239734,4.355950617105766,399812,8457.0
2017-12-29,30.390815041664872,31.53763590193631,4.362281229961439,399812,8541.1
2018-01-02,30.63682993268774,31.84387195309296,4.411969342616645,399812,8588.83
2018-01-03,30.82266140348336,32.000854098848,4.527694441130361,399812,8643.36
2018-01-04,30.84363798788365,32.28080405114474,4.4901560762411314,399812,8659.57
2018-01-05,30.855202662063604,32.926751839217786,4.518336926752676,399812,8650.7
2018-01-08,30.81978915391654,32.96321174537479,4.4507657423944345,399812,8631.6
2018-01-09,31.03903924575665,33.34638308197552,4.448224323072639,399812,8701.47
2018-01-10,30.851002006952594,33.59216387891552,4.469666672248027,399812,8666.92
2018-01-11,30.97494414519381,33.12605716058155,4.501161486416217,399812,8681.29
2018-01-12,30.974829650026457,32.70270707504112,4.444289154404988,399812,8685.76
2018-01-15,30.68148390410663,32.24465367282911,4.364456098104519,399812,8587.05
2018-01-16,30.85375893199879,32.23298047066476,4.493304842302291,399812,8654.94
2018-01-17,31.0698990539706,32.70280647594666,4.5181974544822605,399812,8685.16
2018-01-18,31.00320167841339,32.41505056840248,4.492979105378626,399812,8668.31
2018-01-19,30.933807925877897,32.216067438590585,4.537580491604647,399812,8643.88
2018-01-22,31.441038103250094,33.730070796981295,4.630415465592414,399812,8784.16
2018-01-23,31.389393451700403,33.65249730044487,4.687906668935682,399812,8784.91
2018-01-24,31.763439592981683,33.86724712183717,4.777065237418823,399812,8904.92
2018-01-25,31.62436165905441,33.59891490057055,4.782257788506443,399812,8861.9
2018-01-26,31.711919919443147,33.66960782954176,4.751206287196402,399812,8877.19
2018-01-29,31.090013851544185,32.82766264967372,4.681915974371314,399812,8696.89
2018-01-30,30.92805114232657,32.60054996401641,4.660893152116433,399812,8642.03
2018-01-31,30.705886811669632,32.9132356881636,4.5721228345976135,399812,8557.04
2018-02-01,30.095835614241185,32.28395689687439,4.5419515206403815,399812,8386.88
2018-02-02,30.141225706358,32.516952667942775,4.519811782976866,399812,8401.22
2018-02-05,30.05884701809149,32.105817613897834,4.507971924803492,399812,8344.87
2018-02-06,28.79016022119164,31.238294493125203,4.224167580282444,399812,7998.54
2018-02-07,28.63925420650913,30.354783564064725,4.210606058628087,399812,7979.76
2018-02-08,28.720193069284,30.887938347346413,4.254670577117219,399812,8030.6
2018-02-09,27.716662861817102,30.336442068294986,4.184479303672099,399812,7776.39
2018-02-12,28.30245120578636,30.901827715428013,4.24717314803053,399812,7977.91
2018-02-13,28.47933882320309,31.269692492123973,4.275700289990915,399812,8027.2
2018-02-14,28.565382432369123,31.344532818468693,4.21636246388668,399812,8054.87
2018-02-22,29.05960177739987,32.5157469982597,4.288317529619096,399812,8218.96
2018-02-23,28.994177409096583,32.3353450593209,4.284812475617483,399812,8179.28
2018-02-26,29.45496757223448,32.390372597751934,4.4288406438272645,399812,8338.89
2018-02-27,29.37434625588466,32.26744838804666,4.392525347969825,399812,8341.27
2018-02-28,29.322856775809736,31.706415153974813,4.411718305245956,399812,8316.99
2018-03-01,29.55121506186396,31.79772448669816,4.508185452188634,399812,8408.45
2018-03-02,29.37115060297757,31.904259276480595,4.448052967990787,399812,8361.55
2018-03-05,29.487002679316014,32.338312700426776,4.471015652416453,399812,8417.78
2018-03-06,29.900527237995888,32.472748848546715,4.4862763894040505,399812,8542.36
2018-03-07,29.61639249460582,32.537864490621075,4.428034913789025,399812,8477.02
2018-03-08,29.93367369782589,33.2970425951537,4.442739696159851,399812,8572.77
2018-03-09,30.445275709947712,33.18040339947088,4.556805160070525,399812,8721.35
2018-03-12,30.761992916075904,33.68948307556826,4.573742714217094,399812,8805.69
2018-03-13,30.29479448861273,33.20568407715637,4.584054139263956,399812,8706.73
2018-03-14,30.084436579782817,33.1870389335716,4.490625008609625,399812,8641.41
2018-03-15,30.01573535375152,33.322723856118344,4.45944138739957,399812,8638.91
2018-03-16,29.87491617565374,33.087745247701946,4.5178412542559485,399812,8598.77
2018-03-19,30.077049067438764,33.99110675670222,4.485657187655965,399812,8722.65
2018-03-20,30.13857449690329,33.76556187577414,4.519066802917564,399812,8770.58
2018-03-21,29.60075613912685,33.31704609892712,4.541829871187529,399812,8694.35
2018-03-22,29.487326428160912,33.040787562562194,4.500835561294172,399812,8633.23
2018-03-23,28.4119755919925,32.30116540938529,4.487072794806489,399812,8334.59
2018-03-26,28.67629195547363,32.79507847720009,4.522740245767753,399812,8493.6
2018-03-27,29.138132328706803,32.8131678404672,4.529678065533872,399812,8652.81
2018-03-28,28.729743932707752,32.63344022199194,4.444872726800959,399812,8535.84
2018-03-29,28.822041433614515,32.531759028782815,4.477893259876514,399812,8522.46
2018-03-30,29.092113995132543,32.7572706052363,4.607815120234726,399812,8669.04
2018-04-02,28.966045357944942,32.51032228801867,4.596552402834099,399812,8669.69
2018-04-03,28.657282542538628,32.32562924541962,4.572791302159999,399812,8584.88
2018-04-04,28.655199870625832,32.064886126456244,4.543971249450553,399812,8555.69
2018-04-09,28.625797216776228,32.360517893880655,4.561764160739946,399812,8556.49
2018-04-10,28.947204027960044,32.380063378346115,4.526218318192777,399812,8618.49
2018-04-11,28.949599843126297,33.05233120177873,4.5342070184796,399812,8622.35
2018-04-12,28.835595236710788,32.88432218011623,4.474665424514271,399812,8622.92
2018-04-13,28.594748263920867,32.42865165383577,4.480588285140623,399812,8550.66
2018-04-16,28.272280243797137,32.19706640533363,4.488735441984256,399812,8529.83
2018-04-17,27.618358976779696,31.41193686561102,4.316209053863294,399812,8319.51
2018-04-18,27.703517825879185,31.19514776188548,4.383905282681665,399812,8371.02
2018-04-19,27.87595034622841,31.404716304903403,4.375401531033391,399812,8413.88
2018-04-20,27.268366315195824,31.06971381900397,4.293352857676595,399812,8298.69
2018-04-23,27.17060669224162,30.75765255323896,3.982706916950207,399812,8234.16
2018-04-24,27.82706547203378,31.30748616648448,4.092429102636142,399812,8418.43
2018-04-25,27.75387250880423,30.56083610056808,4.037343985271846,399812,8509.84
2018-04-26,26.4602030450894,29.528399330602245,3.919314005048995,399812,8338.64
2018-04-27,27.271192015878032,29.18502664748138,3.9132747778468553,399812,8413.94
2018-05-02,27.064188225892256,29.67854721307976,3.91390634945759,399812,8446.53
2018-05-03,27.2472576293354,29.86731112708112,3.9596213147172814,399812,8472.52
2018-05-04,27.2325934403716,29.81812633972516,3.927141916370237,399812,8507.91
2018-05-07,27.75009370881403,30.0876600202426,4.022308994075226,399812,8663.33
2018-05-08,27.963693442713808,30.097695437061,4.03552222196092,399812,8705.56
2018-05-09,27.93539531690249,30.541548249460547,4.067279917723127,399812,8708.5
2018-05-10,28.238231652399133,30.85786326969732,4.073372332976353,399812,8836.67
2018-05-11,27.88161684953006,30.64012435347156,4.024198172525672,399812,8695.17
2018-05-14,27.85812024321244,30.488665487110943,4.0184242608688505,399812,8710.51
2018-05-15,28.18700094522917,30.569025849126422,4.095101987589289,399812,8839.66
2018-05-16,28.31613501313328,31.2584865630648,4.129366810592732,399812,8901.57
2018-05-17,28.146549631622143,31.18220170835292,4.099073619999718,399812,8816.85
2018-05-18,28.31320955570732,30.99582548146564,4.135561850889332,399812,8861.59
2018-05-21,28.468352129085137,31.80036452151233,4.208951479977674,399812,8894.38
2018-05-22,28.56474259408689,31.723779251309665,4.262926502805199,399812,8978.14
2018-05-23,28.28486302490439,31.951526870537755,4.203645598185936,399812,8924.79
2018-05-24,28.31961839716902,31.52737241060629,4.23780963281573,399812,8938.74
2018-05-25,28.16480568297879,31.557273808748025,4.292824518045492,399812,8935.89
2018-05-28,28.34587872407371,31.788980689341813,4.318601057718553,399812,9006.5
2018-05-29,28.0405280385317,31.73085804811926,4.208928946958235,399812,8824.39
2018-05-30,27.471072305388084,30.76292781823201,4.2817329621470055,399812,8663.26
2018-05-31,28.117894427963776,31.122832272606104,4.408081624987995,399812,8909.6
2018-06-01,27.654665792949952,31.03730076374749,4.183063395638408,399812,8699.44
2018-06-04,27.438230088931675,30.07730533661384,4.272212266907336,399812,8657.72
2018-06-05,27.802949806552803,31.030429496333827,4.400258710509178,399812,8815.18
2018-06-06,27.866986978187555,31.257879059463328,4.408014869341351,399812,8840.36
2018-06-07,27.678461982634584,31.27316365119738,4.295763261714876,399812,8758.04
2018-06-08,27.291148630105067,30.35000123212824,4.268967627284121,399812,8662.91
2018-06-11,27.796847484868504,31.115394504764737,4.208438645003064,399812,8507.35
2018-06-12,28.267312689202434,31.850512915689247,4.301452269423591,399812,8653.97
2018-06-13,27.69643635235344,31.084764737569227,4.219677449797745,399812,8493.46
2018-06-14,27.41314610902472,30.09741627197495,4.258900104286454,399812,8422.36
2018-06-15,26.937765965393453,29.244053804809905,4.149656354481685,399812,8270.58
2018-06-19,25.66440612988692,27.58465651213645,3.8232501491950974,399812,7881.64
2018-06-20,25.768880034450685,27.977221459811474,3.956979319324644,399812,7969.82
2018-06-21,25.27085622815141,27.745455691916604,3.810148394696656,399812,7819.17
2018-06-22,25.652592761924986,28.589133043678608,3.912125244105346,399812,7940.76
2018-06-25,25.45355138761943,28.004388683541592,3.92042407045979,399812,7900.98
2018-06-26,25.52456303835056,28.414401261662,3.970875741273967,399812,7915.06
2018-06-27,25.14152212577861,27.67819353636204,3.887692343653776,399812,7760.25
2018-06-28,24.85052048123632,28.30213355553725,3.7717741514996135,399812,7673.36
2018-06-29,25.69871315356276,29.41582708187433,3.968975144132703,399812,7953.53
2018-07-02,25.15818312611333,28.64493065752984,3.865953336152076,399812,7841.17
2018-07-03,25.259224257123066,28.65765026766672,3.799778711091605,399812,7855.06
2018-07-04,24.52161260878996,27.69386686104602,3.752854943737383,399812,7699.29
2018-07-05,24.103242308860903,27.275846229181173,3.6383343603710143,399812,7562.93
2018-07-06,24.064799547227512,26.9989267210507,3.734853034290892,399812,7573.09
2018-07-09,24.679569495506243,27.51522691435281,3.879552643676019,399812,7794.13
2018-07-10,24.762311908838445,28.01560955648314,3.895628138055892,399812,7828.91
2018-07-11,24.148138729703224,27.89622443148872,3.879552643676019,399812,7701.82
2018-07-12,24.90086167745832,28.710519361015347,3.906897219519319,399812,7932.71
2018-07-13,25.09915884977991,28.63709092275188,3.980324200676876,399812,8017.76
2018-07-16,25.060685862068546,28.57326590422868,3.991017608977202,399812,8036.03
2018-07-17,25.04361288450122,28.21487740273695,3.960812016042996,399812,7994.11
2018-07-18,24.926128121487054,28.068020526210017,3.897153247229896,399812,7952.66
2018-07-19,24.68006436492852,28.015347707333383,3.800912572526963,399812,7862.39
2018-07-20,24.984765937279,28.21764156987164,3.815170450260731,399812,7943.23
2018-07-23,24.831376024857107,28.58201959405428,3.618031144960716,399812,7849.15
2018-07-24,25.196352638933323,28.875733347108145,3.6699406803732018,399812,7928.3
2018-07-25,25.325556896451715,28.80230490884468,3.7085716349034463,399812,7988.96
2018-07-26,25.07319436739732,28.74723358014708,3.67208684451377,399812,7897.74
2018-07-27,24.82133028645125,28.636007927560804,3.667839047011796,399812,7824.09
2018-07-30,24.314535161439263,27.76099320108036,3.64249896749916,399812,7644.97
2018-07-31,24.326434676255325,27.77430677315615,3.6593120227387694,399812,7652.85
2018-08-01,23.7917582395788,27.35209325314122,3.586125782283996,399812,7524.48
2018-08-02,23.158981006153525,26.251695681112302,3.5451962483159067,399812,7370.46
2018-08-03,22.70513031056824,26.12628949155285,3.4858786616618294,399812,7201.62
2018-08-06,22.201528194183563,25.57533761072037,3.345942192640074,399812,7011.31
2018-08-07,22.76437205491578,26.272596712705543,3.4219863333818936,399812,7191.07
2018-08-08,22.29144272942585,25.68024055416057,3.215409296749072,399812,7043.27
2018-08-09,22.849880022813824,26.12628949155285,3.296355515381953,399812,7229.85
2018-08-10,23.07837340439723,26.175599283661413,3.39203733919127,399812,7321.59
2018-08-13,23.07137369754813,26.02286055698797,3.429769916532344,399812,7324.44
2018-08-14,22.906471645224755,25.875477112433945,3.4863934764750946,399812,7290.82
2018-08-15,22.247593118363064,24.810496914017502,3.3407900366223062,399812,7075.02
2018-08-16,22.04820428184978,24.810496914017502,3.356968196605949,399812,7016.04
2018-08-17,21.51386200753661,24.342734563580088,3.149666099644296,399812,6846.94
2018-08-20,21.53207002521815,24.44056068095114,3.132196499744148,399812,6839.09
2018-08-21,21.93999212310046,25.478728843213823,3.2339312285744204,399812,7011.34
2018-08-22,21.60731461911872,25.411905650294194,3.206185393438892,399812,6943.21
2018-08-23,21.477419378757627,24.945919950079183,3.244207463809801,399812,6974.62
2018-08-24,21.64825041398593,25.15415904903276,3.2450140489476853,399812,6965.6
2018-08-27,22.55249617768465,25.818988283647297,3.455897909658652,399812,7174.72
2018-08-28,22.834824202121663,25.630379682167543,3.4165412208985337,399812,7180.73
2018-08-29,22.45692347202227,25.26845506851721,3.399038448250488,399812,7154.7
2018-08-30,22.335085027596808,24.89641244777132,3.316191991049738,399812,7062.01
2018-08-31,21.95983170136794,24.177043476696443,3.283520148773386,399812,6931.44
2018-09-03,21.964446255070843,23.917209664076893,3.193672582513418,399812,6932.35
2018-09-04,22.247192044116943,23.998402793116195,3.2450140489476853,399812,7000.51
2018-09-05,21.92889338127919,23.777364872653283,3.195663380692105,399812,6899.99
2018-09-06,21.71289691690552,23.59131278750355,3.158328138566458,399812,6839.38
2018-09-07,21.857446353451376,23.87209540999453,3.136133037947491,399812,6890.56
2018-09-10,21.418708782650967,23.31932511813554,3.085341949337687,399812,6758.76
2018-09-11,21.457053249243007,23.314860845295875,3.10112199488689,399812,6753.83
2018-09-12,21.28211788152388,23.01194056248428,3.045548790996218,399812,6689.0
2018-09-13,21.319455675257224,23.647876287085428,3.062701014419265,399812,6684.28
2018-09-14,21.16320983600018,23.740674555028285,3.0366296348162334,399812,6641.16
2018-09-17,20.708149844485472,23.193193225715586,2.9927199428532334,399812,6515.87
2018-09-18,21.152136510536973,23.382654300398084,3.04623487993314,399812,6645.04
2018-09-19,21.430408653841667,23.335289031727456,3.0935750165807496,399812,6726.43
2018-09-20,21.45194134433566,23.458133426269217,3.075736704220781,399812,6714.32
2018-09-21,21.89650521297748,24.12780306228362,3.1683587107052342,399812,6862.39
2018-09-25,21.80949664338041,24.51652261303981,3.16698653283139,399812,6838.1
2018-09-26,22.00818968357033,24.308314353056467,3.21089622479439,399812,6914.37
2018-09-27,21.81326540960857,23.89189783308976,3.21089622479439,399812,6863.32
2018-09-28,22.098673816907908,24.100106093073112,3.2885729201601204,399812,6949.84
2018-10-08,21.151869861424466,23.76638410640489,3.148257263609659,399812,6658.85
2018-10-09,21.11243085049456,23.799150260963348,3.195802268182109,399812,6644.88
2018-10-10,21.035309984655807,23.722695900326936,3.1141576846884056,399812,6609.5
2018-10-11,19.68934557470604,22.76302565298807,2.9879173202947804,399812,6244.79
2018-10-12,19.63881937710111,22.76302565298807,3.033885279068546,399812,6260.52
2018-10-15,19.840536162276845,22.31575581189171,2.942145427352801,399812,6157.95
2018-10-16,19.440735848731524,22.19757881730093,2.81535196746513,399812,6041.64
2018-10-17,19.580566535191814,21.13313838831033,2.828985987839232,399812,6057.22
2018-10-18,19.174839827452224,21.185190453306173,2.7578527795589136,399812,5916.69
2018-10-19,19.723366846034903,21.813503584880905,2.7534741067664728,399812,6100.24
2018-10-22,20.58513005742725,22.76302565298807,2.9203159700154577,399812,6396.78
2018-10-23,20.12514733849331,21.88775478305512,2.823477685752061,399812,6263.1
2018-10-24,20.104717273241924,22.10822629896084,2.779142085727855,399812,6223.01
2018-10-25,20.042572941857948,21.6905678030276,2.838049468512992,399812,6198.31
2018-10-26,19.849898586695808,22.0104652425322,2.8019215403423883,399812,6140.35
2018-10-29,19.178912714786435,21.74690694017832,2.6539428764700843,399812,5983.82
2018-10-30,19.44912026402008,21.75373605982777,2.763222877265912,399812,6077.96
2018-10-31,19.7759697236282,21.960977632128465,2.8178628776638246,399812,6202.45
2018-11-01,19.991191049026973,22.18973781579647,2.8764057352330177,399812,6266.36
2018-11-02,20.720842019596702,23.12211505130562,3.0520343079405974,399812,6521.11
2018-11-05,20.82220636208318,23.05315048262232,3.0563278975368604,399812,6495.76
2018-11-06,20.81569887217168,23.01011648853209,3.072474979054593,399812,6495.47
2018-11-07,20.716440492568648,23.01257307778981,3.0600819268781505,399812,6465.92
2018-11-08,20.57096916896804,23.00112997615636,3.0218800916060835,399812,6428.99
2018-11-09,20.46057100606805,22.912728090255328,3.0077557165851547,399812,6388.42
2018-11-12,20.951573327863425,23.17484429144859,3.095484267944651,399812,6523.21
2018-11-13,21.38706012390349,23.643884589100544,3.149979178304497,399812,6649.25
2018-11-14,21.32310098513361,23.70893404251765,3.1556965679288966,399812,6622.83
2018-11-15,21.63849528972021,24.2901186780822,3.2028325771706143,399812,6721.47
2018-11-16,21.673875251491285,24.27094465658743,3.2279266308861847,399812,6731.92
2018-11-19,21.61743370294997,24.184460331570754,3.214419607518433,399812,6722.44
2018-11-20,21.04652718005449,23.6284112892864,3.119962419140697,399812,6565.73
2018-11-21,21.17892057610708,24.003280843667827,3.144618790553774,399812,6616.57
2018-11-22,21.320777654767788,24.010046315153573,3.1620689151311536,399812,6637.77
2018-11-23,20.61307542142963,23.68650632017604,3.049948592720128,399812,6450.43
2018-11-26,20.54557033023844,23.248687419891013,3.00688909348784,399812,6432.24
2018-11-27,20.6573160120427,23.74945878071142,3.0601543987073407,399812,6466.78
2018-11-28,20.93700870464509,23.68754579442321,3.032539047394676,399812,6558.5
2018-11-29,20.53376418269618,23.58359214294472,2.8671885382311944,399812,6443.28
2018-11-30,20.6683854647276,23.70803507618548,2.992146733749648,399812,6499.79
2018-12-03,21.30851589708717,24.39301761895608,3.10130760225826,399812,6694.83
2018-12-04,21.44234934242622,24.436243209411955,3.107992073711744,399812,6742.95
2018-12-05,21.4476352853666,24.154312353293204,3.1772385175015283,399812,6748.89
2018-12-06,20.87354005706201,23.400498697964736,3.089961857741944,399812,6567.23
2018-12-07,20.43947237300172,23.090076819609497,3.0352420225417687,399812,6486.2
2018-12-10,20.224485007361057,22.5835706838528,3.041634623888648,399812,6423.75
2018-12-11,20.41678933795663,22.86076516625561,3.07474478582073,399812,6476.92
2018-12-12,20.437634451629265,22.88996129666954,3.09694872380752,399812,6459.91
2018-12-13,20.670371039051407,23.16247482525027,3.133836031905037,399812,6529.84
2018-12-14,20.194186775983177,22.779948510997286,3.0564662382930505,399812,6368.46
2018-12-17,20.52514326557093,23.16376594313139,3.4110143183611097,399812,6326.69
2018-12-18,20.424604210329445,22.938710287457543,3.3393644048681246,399812,6276.91
2018-12-19,20.07942202999228,22.34155858144198,3.2773884246947054,399812,6164.61
2018-12-20,20.13811789365077,22.374916723085747,3.150866826878116,399812,6178.09
2018-12-21,19.95606789075304,22.030160648910098,3.190292794781492,399812,6127.01
2018-12-24,20.15577327790855,22.27996247610273,3.1651061348198133,399812,6192.42
2018-12-25,19.940532211178915,22.307498444096,3.17810748270952,399812,6148.22
2018-12-26,19.87660345518424,22.50640485305421,3.258832568724321,399812,6136.55
2018-12-27,19.73371876638973,22.41376409589705,3.2062879365210817,399812,6088.86
2018-12-28,19.799847439389914,22.768670735291423,3.187491470363636,399812,6121.1
2019-01-02,19.35993834473125,22.217743788043272,3.18345296541533,399812,5987.87
2019-01-03,19.06466713560986,22.21209123960442,3.0695865026872315,399812,5893.78
2019-01-04,19.512538655678703,22.489111762087063,3.134247375357007,399812,6038.92
2019-01-07,19.658517836676204,22.624585337639445,3.0997529972460427,399812,6089.93
2019-01-08,19.579671239903952,22.405970866736183,3.08098983034584,399812,6069.03
2019-01-09,19.798419438616506,22.695369309375963,3.138137849530928,399812,6119.71
2019-01-10,19.67429966052117,22.620099216857422,3.116487225615898,399812,6080.77
2019-01-11,19.74054266385325,22.52242300134695,3.124619526324902,399812,6098.93
2019-01-14,19.44409501458995,22.184524167541817,3.13224374997194,399812,6013.87
2019-01-15,19.829524217178086,22.54755574663681,3.115548922556111,399812,6130.67
2019-01-16,19.92851484565213,22.8045107583137,3.1184289586828235,399812,6159.24
2019-01-17,19.85165947558202,22.618060125854853,3.080594114921404,399812,6128.76
2019-01-18,20.145224552596225,23.00234424435338,3.1583960412205485,399812,6216.13
2019-01-21,20.287075223279,22.92246924700888,3.1716064123807373,399812,6264.61
2019-01-22,19.94730760703121,22.441718393212533,3.129210271058104,399812,6173.65
2019-01-23,19.89376327410571,22.43974571578898,3.068327841063118,399812,6165.61
2019-01-24,20.00177299508896,22.736779055526647,3.075600114694053,399812,6190.83
2019-01-25,19.924573711837887,22.84207498972978,3.0309692758784488,399812,6180.42
2019-01-28,19.772019679959914,22.5775933924035,2.982573701546712,399812,6146.03
2019-01-29,19.58955007432707,22.51674003378688,3.061080805453982,399812,6108.08
2019-01-30,19.31360728528184,22.06858707949423,3.0156309817617784,399812,6017.0
2019-01-31,19.24027600825624,22.01010380044509,3.087431334391095,399812,6008.25
2019-02-01,19.84116197206103,22.96047164135705,3.1067703210506505,399812,6188.36
2019-02-11,20.26779840787997,23.333474097139423,3.156016721092257,399812,6318.4
2019-02-12,20.636788988172604,23.92473511958262,3.202304956662545,399812,6423.35
2019-02-13,21.0539448280672,24.15151626823284,3.280430695827373,399812,6548.74
2019-02-14,21.19594298457946,24.30798439229634,3.232983947250215,399812,6587.32
2019-02-15,20.960219046692824,23.95353197883565,3.2053432059652587,399812,6498.86
2019-02-18,21.64068261437976,24.767171285828905,3.3668761588096414,399812,6721.13
2019-02-19,21.58750864044352,24.4464366798855,3.3266471653238847,399812,6692.55
2019-02-20,21.46977559617253,24.25626712574926,3.292740844077961,399812,6659.55
2019-02-21,21.306193617190605,24.41470332554712,3.245946683440028,399812,6624.63
2019-02-22,21.710124627254284,24.62957928583605,3.2880419890572585,399812,6766.46
2019-02-25,22.887937415447123,25.50099915130408,3.4700553480910554,399812,7130.44
2019-02-26,22.83945466589779,25.988449110029435,3.433830298741481,399812,7120.43
2019-02-27,22.730449702119515,25.835479336980736,3.4065887819997944,399812,7100.61
2019-02-28,22.89879628454698,26.714225948547057,3.4980443445314173,399812,7145.46
2019-03-01,23.07690107898705,26.60588782484553,3.5055012370202867,399812,7218.71
2019-03-04,23.45209269508772,26.906633924225616,3.597407441029606,399812,7341.88
2019-03-05,23.91153476657944,26.960507858977515,3.6961797702248456,399812,7481.22
2019-03-06,24.2258095670991,26.926369604231866,3.819372786948621,399812,7571.93
2019-03-07,24.16559232134085,26.48758885227396,3.847143096122749,399812,7554.0
2019-03-08,23.15626443368583,25.14355986633447,3.683170467435908,399812,7264.63
2019-03-11,24.042926817177328,25.98641151362828,3.748805468170864,399812,7531.57
2019-03-12,24.453408112293108,26.60557374332024,3.794900812008866,399812,7649.45
2019-03-13,24.037487588890084,26.30313849265046,3.77501179838328,399812,7548.56
2019-03-14,23.61615841090715,26.12214446270009,3.711940966330365,399812,7418.82
2019-03-15,23.88966537153104,26.50321985603388,3.696894736289837,399812,7492.62
2019-03-18,24.76755350639993,27.5022786538362,3.7801200676678817,399812,7742.55
2019-03-19,24.797478098728604,27.24289197869209,3.7964770050890304,399812,7774.55
2019-03-20,24.6801774182158,27.3566554033982,3.751914468704552,399812,7749.47
2019-03-21,25.092851976944967,28.0180243468402,3.877646632961917,399812,7857.94
2019-03-22,25.23426766018152,28.19427551694249,3.768000869904105,399812,7895.82
2019-03-25,24.61774377646612,27.25380277759548,3.6996449783561127,399812,7710.45
2019-03-26,23.96421685515133,26.77126685217028,3.5852540091119014,399812,7539.8
2019-03-27,24.38375244369335,27.22686530944001,3.697160837126809,399812,7677.67
2019-03-28,24.18216174680304,26.902275202337727,3.638027525130165,399812,7597.39
2019-03-29,24.959597940891666,27.831116527031547,3.702130358358063,399812,7821.51
2019-04-01,25.643404472095643,28.638128833769617,3.806387791818053,399812,8032.51
2019-04-02,25.55567516589724,28.444095470602846,3.763711208558561,399812,7986.1
2019-04-03,25.76256876838517,28.692513634627623,3.828340353107031,399812,8033.21
2019-04-04,25.726630685543206,28.59913718366768,3.890711308870583,399812,8034.31
2019-04-08,25.353454530026944,27.478907332299777,3.789094240416758,399812,7927.6
2019-04-09,25.66030089331484,29.15844230421712,3.78673370592484,399812,8006.67
2019-04-10,25.74385740513365,29.495656332316795,3.821352564176341,399812,8035.81
2019-04-11,25.18147905154641,28.58396741216069,3.73512770642278,399812,7838.41
2019-04-12,25.132796356262112,28.41286570787902,3.85736779527508,399812,7811.96
2019-04-15,24.91487747960596,28.080843040926947,3.6578814641497246,399812,7756.91
2019-04-16,25.415330319067472,28.565460611192734,3.8322752629911343,399812,7885.17
2019-04-17,25.39514337790872,28.885887519021352,3.898689809892901,399812,7894.9
2019-04-18,25.179406938742243,28.736256592327067,3.720028679794248,399812,7863.01
2019-04-19,25.27048789125564,28.858936441341243,3.76064586283233,399812,7916.01
2019-04-22,24.8620084936884,28.82844310344053,3.646551720606296,399812,7777.43
2019-04-23,25.22927935055328,28.682895629126943,3.606785655912091,399812,7724.48
2019-04-24,25.1806218920467,28.99456503024868,3.748716724796428,399812,7759.13
2019-04-25,24.69317480030146,28.37530764366074,3.5629628276715293,399812,7545.6
2019-04-26,24.964112559200263,28.19840907427885,3.6058807454150426,399812,7464.54
2019-04-29,24.83368925760133,31.66354043812973,3.508874581623079,399812,7407.93
2019-04-30,25.31672668435616,31.797781545842284,3.5042470444530407,399812,7422.48
2019-05-06,23.74756769520113,30.09443278986229,3.2049450475824424,399812,6952.35
2019-05-07,24.095845386685248,30.24412393763359,3.304528993156561,399812,7058.85
2019-05-08,23.94246626711128,29.57147171012096,3.301768343265475,399812,6999.04
2019-05-09,23.44359833049769,29.27313945809665,3.367220411491461,399812,6847.3
2019-05-10,24.15987790534753,29.842175828331246,3.434709177269679,399812,7068.67
2019-05-13,23.73830837366966,29.87889973687026,3.35155032231044,399812,6966.41
2019-05-14,23.598357151669024,29.529852200930108,3.333533139256736,399812,6922.77
2019-05-15,24.110678284838617,30.88474295759348,3.4339762056576024,399812,7073.44
2019-05-16,24.23889036359919,30.74831035780576,3.4808960459459755,399812,7117.06
2019-05-17,23.43426935792424,29.70427372792044,3.320079558699176,399812,6881.19
2019-05-20,23.244453045465395,29.61448987935469,3.300741822507386,399812,6833.06
2019-05-21,23.591595327735284,29.91092617819393,3.307438494618032,399812,6939.69
2019-05-22,23.49933280102707,29.519606296285573,3.2789497650010464,399812,6918.11
2019-05-23,22.944568497434982,28.76560211999989,3.174958865484663,399812,6764.6
2019-05-24,22.875345143627207,28.99836312264496,3.160323757330512,399812,6744.58
2019-05-27,23.2217043204159,29.342975096596284,3.234812137227034,399812,6854.79
2019-05-28,23.312953069507163,29.65957142325325,3.2524450549570023,399812,6882.97
2019-05-29,23.304344621265606,29.400358893733006,3.2448207635833057,399812,6871.45
2019-05-30,23.06984337236168,29.097132676582184,3.223080945631306,399812,6795.62
2019-05-31,23.02854986746061,29.030995933713548,3.221370568558984,399812,6789.0
2019-06-03,22.83786325009948,29.11422095918085,3.1546293797921257,399812,6734.54
2019-06-04,22.61992576472108,28.687628935213155,3.181203887691177,399812,6657.17
2019-06-05,22.34799848490562,28.65735139451082,3.194022697541044,399812,6575.53
2019-06-06,22.034884868199303,28.19461986681809,3.120949986339455,399812,6472.53
2019-06-10,22.25797251415313,28.027402385827283,3.161351251787769,399812,6539.62
2019-06-11,22.95263552444555,29.77100920962627,3.2560759954287346,399812,6754.84
2019-06-12,22.74888419661418,29.073171483383334,3.218680024520574,399812,6701.19
2019-06-13,22.82023582645549,30.15577417342132,3.265950058502108,399812,6734.29
2019-06-14,22.55987576001502,29.375348310830127,3.2129691643373475,399812,6657.56
2019-06-17,24.16257647171396,31.320034292051965,3.683123224334168,399812,6669.82
2019-06-18,24.18481953192588,31.35779274940389,3.671252072205768,399812,6678.5
2019-06-19,24.51992241204727,31.581980872481854,3.699981205871136,399812,6767.0
2019-06-20,25.078017546082783,32.50165117428391,3.731880226912303,399812,6919.06
2019-06-21,25.300850892584712,32.62416317812931,3.790507673228391,399812,6986.62
2019-06-24,25.29746942150045,32.711109687864315,3.782290660042558,399812,6987.9
2019-06-25,25.09085982588497,32.38302001714821,3.747927991058458,399812,6925.88
2019-06-26,25.192361476956595,32.753545119483306,3.824251700202727,399812,6957.31
2019-06-27,25.391947767795667,32.60167012764385,3.782550994776224,399812,7006.65
2019-06-28,25.25706926032383,32.21208319001665,3.757422859010512,399812,6967.13
2019-07-01,26.03322579944954,32.92741809025486,3.827650820786686,399812,7192.26
2019-07-02,26.12990000201747,33.48208909733624,3.76547786749838,399812,7205.91
2019-07-03,25.84198980480542,32.91862918893749,3.717119842006784,399812,7116.66
2019-07-04,25.552001157200472,32.366966533873985,3.656685348643341,399812,7030.42
2019-07-05,25.71440799509578,32.54369380537058,3.642350852980698,399812,7080.73
2019-07-08,25.062393198976,31.60665415908762,3.5734332809536054,399812,6898.78
2019-07-09,25.00164136448635,31.65849575235197,3.619444612546432,399812,6891.11
2019-07-10,25.001323582495843,31.446165911021964,3.619427830824727,399812,6886.42
2019-07-11,25.03298523785996,31.212574956066646,3.562933770767829,399812,6904.04
2019-07-12,25.20775259413307,31.667385272273883,3.5875816173287483,399812,6946.33
2019-07-15,25.215941801341607,31.493081023925264,3.634296068091942,399812,6975.56
2019-07-16,25.090741802185786,30.99340040933461,3.682117731000945,399812,6951.33
2019-07-17,25.041132651168542,31.007114696928973,3.639458173125196,399812,6949.74
2019-07-18,24.60620894344314,30.40497206846504,3.5836075577307827,399812,6835.01
2019-07-19,24.68577384391829,30.907959818413826,3.593713219198828,399812,6860.9
2019-07-22,24.33506607255673,30.04441313772657,3.545021316309839,399812,6780.44
2019-07-23,24.563962661922496,30.273821741881484,3.6203514617483545,399812,6843.5
2019-07-24,24.80119268481391,30.60354010930763,3.709527573810284,399812,6913.18
2019-07-25,24.89766335696979,30.158809652452405,3.719594798906392,399812,6957.47
2019-07-26,24.97542165050617,30.608701792965405,3.715991967707797,399812,6971.9
2019-07-29,24.89694133902192,30.26281324909627,3.758595990803672,399812,6956.18
2019-07-30,25.153244313407683,30.804920563319616,3.7718955823226414,399812,7021.68
2019-07-31,24.91247045127305,29.54926820471661,3.808188033360023,399812,6961.69
2019-08-01,24.727743194782697,29.198184483674176,3.819518500547258,399812,6917.02
2019-08-02,24.35078043917016,28.78203896938946,3.766045304052554,399812,6829.6
2019-08-05,23.909879965160137,28.40251310058941,3.6961985138920666,399812,6701.33
2019-08-06,23.44209421794055,28.029268177390183,3.6467762467880136,399812,6584.51
2019-08-07,23.371991287572445,27.842359954504847,3.635898870560017,399812,6575.49
2019-08-08,23.638333225856748,28.052683930737714,3.7044540615230814,399812,6660.63
2019-08-09,23.436717233153523,28.24454148616497,3.6594046904022273,399812,6625.83
2019-08-12,23.70995652202837,28.806025767983648,3.6917217810301146,399812,6719.77
2019-08-13,23.47181184988686,28.541301127583523,3.804998966846037,399812,6682.19
2019-08-14,23.70298750063947,29.043869618632463,3.80602746016238,399812,6749.81
2019-08-15,23.86088492915056,29.035720990296102,3.857133242207627,399812,6775.32
2019-08-16,23.980740263510704,28.969218124002097,3.7163867524352,399812,6832.45
2019-08-19,24.4342880340296,28.95482565011255,3.9157745236731296,399812,7010.66
2019-08-20,24.36447423131128,29.098231476170625,3.880259971943969,399812,6988.36
2019-08-21,24.31728722944308,29.3666259920216,3.873373570652258,399812,6954.96
2019-08-22,24.68970544259135,29.491924832823024,3.882746324682184,399812,7002.74
2019-08-23,24.84980132904746,29.37325273527869,3.891113706522909,399812,7067.84
2019-08-26,24.345174037904687,28.993729941357493,3.9110311777721503,399812,7034.28
2019-08-27,24.53458072393716,29.713066288865747,3.918293329470072,399812,7140.13
2019-08-28,24.247806723865324,28.18791135432692,3.887227917611917,399812,7085.72
2019-08-29,24.0568509922933,27.111815745230928,3.8353606161202345,399812,7104.44
2019-08-30,23.72699020786992,27.003329147859453,3.718099277856018,399812,7049.77
2019-09-02,24.139222601852435,28.44785275238938,3.7771268813205072,399812,7175.33
2019-09-03,24.139930935358432,28.326282332286283,3.828958188565129,399812,7165.41
2019-09-04,24.276967288275863,29.201795694050293,3.764873390321334,399812,7203.47
2019-09-05,24.523417633305726,29.469938005639328,3.800497688015776,399812,7274.42
2019-09-06,24.577728216848616,29.649515400158123,3.868423075768379,399812,7297.45
2019-09-09,24.94919546610587,29.906167095459303,4.057352085064887,399812,7408.7
2019-09-10,25.027329808402943,30.045122728526145,4.021958175626708,399812,7431.89
2019-09-11,24.93501171960922,29.91508657946057,3.9963593737667216,399812,7376.14
2019-09-12,25.016647482218406,30.338911641112738,3.961752424030883,399812,7405.37
2019-09-16,24.94225766807513,29.87584679445544,3.922528877411804,399812,7402.92
2019-09-17,24.50439476507329,29.122916855717666,3.891004965455528,399812,7273.69
2019-09-18,24.552771815105007,29.34045064326656,3.891615252244789,399812,7289.97
2019-09-19,24.724079523528708,29.727232723768573,3.95224860032279,399812,7347.11
2019-09-20,24.75567293699165,29.589096266446425,3.90069216854298,399812,7354.71
2019-09-23,24.46790208490422,29.018215263470847,3.982357576693254,399812,7276.65
2019-09-24,24.45188107191396,29.24672117541348,3.959368363990268,399812,7293.13
2019-09-25,24.02251376231156,29.00071867044809,3.966949710138639,399812,7185.6
2019-09-26,23.714078177235244,28.74843573871349,3.8112368501302334,399812,7083.52
2019-09-27,23.74145555769433,28.636549271670447,3.821691907819897,399812,7100.17
2019-09-30,23.57031645066625,28.56825528918069,3.7594456282496513,399812,7047.57
2019-10-08,23.51362505817016,28.564687983752115,3.732198319531889,399812,7023.85
2019-10-09,23.523489447730224,28.75291409683772,3.742041925776853,399812,7027.33
2019-10-10,23.823294721044256,29.317735462572536,3.826664457726896,399812,7155.25
2019-10-11,23.897388001665032,29.157512851306123,3.806940091650336,399812,7175.85
2019-10-14,24.21602236057868,29.52867674674693,3.823051931968119,399812,7266.24
2019-10-15,24.00221114939534,29.492400362823368,3.7662134583946014,399812,7197.66
2019-10-16,23.95375384445524,29.411985139638443,3.7565561005165913,399812,7198.76
2019-10-17,23.968499168653388,29.627253273751023,3.759622306227506,399812,7211.37
2019-10-18,23.717953917787845,29.370397087407188,3.670915375831511,399812,7143.91
2019-10-21,23.66360094618625,29.328662101375706,3.686406956042624,399812,7116.04
2019-10-22,23.670597031228173,28.959372264177865,3.708592376782094,399812,7162.83
2019-10-23,23.489565276798206,29.07979698941568,3.71305821709452,399812,7088.49
2019-10-24,23.514187595892963,28.24480555287301,3.614660343218612,399812,7035.22
2019-10-25,23.94378895980791,28.22547452530847,3.558116033770162,399812,7075.3
2019-10-28,24.26568301697952,28.635639244240444,3.58578972137704,399812,7193.85
2019-10-29,24.395718941224704,29.16137091632446,3.458145227945642,399812,7150.23
2019-10-30,24.07946285882899,29.25504448067148,3.280318194985483,399812,7077.02
2019-10-31,24.18825030782049,28.735445865204547,3.265683176236371,399812,7084.17
2019-11-01,24.438593469287188,28.664439600019943,3.3003787660535444,399812,7155.3
2019-11-04,24.58488364384586,29.18110741361089,3.384275850528524,399812,7201.88
2019-11-05,24.67871371710159,29.23755323203337,3.366112509162126,399812,7227.58
2019-11-06,24.535646091122377,29.235404081371502,3.3315565785455448,399812,7186.46
2019-11-07,24.740190754076725,29.810800641130385,3.3374863324023485,399812,7255.62
2019-11-08,24.74540630548683,29.46004968651884,3.380094432295844,399812,7268.68
2019-11-11,24.17891232790255,29.66960322112586,3.324484095701625,399812,7116.36
2019-11-12,24.24511705327551,29.81961736674915,3.3446647565448755,399812,7141.13
2019-11-13,24.13521644184969,29.94735872685237,3.3227449625019894,399812,7146.13
2019-11-14,24.25059763630916,30.1828811770238,3.307932644030497,399812,7190.22
2019-11-15,24.109103791804483,29.63179646763948,3.258403752961552,399812,7157.57
2019-11-18,24.27320662727152,30.19484049827524,3.2763213132550826,399812,7230.25
2019-11-19,24.58512787777027,30.571908340923983,3.31654248026372,399812,7358.23
2019-11-20,24.433985831202488,30.478288841283188,3.307867923728669,399812,7320.87
2019-11-21,24.29180239032451,29.92100272284626,3.30279150969854,399812,7277.13
2019-11-22,24.012504428601908,29.28128821788297,3.24305259048604,399812,7162.07
2019-11-25,24.01180412397972,28.909039123515587,3.2099057881021205,399812,7122.48
2019-11-26,24.14210575020541,29.230258598249392,3.20435846315666,399812,7169.92
2019-11-27,24.00786911196968,28.86273926988742,3.195202143872649,399812,7116.26
2019-11-28,23.915917778673617,28.765384471740543,3.1542681412095104,399812,7090.16
2019-11-29,23.83000436022824,28.765181569782435,3.125659047587669,399812,7047.77
2019-12-02,23.74894829987911,28.475689716731058,3.105511823917576,399812,7032.1
2019-12-03,23.73588089276653,28.537626239309965,3.116594292355088,399812,7035.6
2019-12-04,23.74551279640577,28.26294177267819,3.1066137251039034,399812,7046.14
2019-12-05,24.00795872663542,28.833245889825967,3.1230596407298687,399812,7121.22
2019-12-06,24.19988713034672,28.776962077683805,3.2169893573784902,399812,7188.05
2019-12-09,24.15840369859342,29.12755319133141,3.2073938311590915,399812,7158.06
2019-12-10,24.20409796379208,29.10188291443508,3.204638085920076,399812,7195.37
2019-12-11,24.096747819142315,28.87325227157809,3.1851653106174385,399812,7155.37
2019-12-12,24.126548296714407,28.720421711038625,3.2098932867016687,399812,7151.04
2019-12-13,24.553675717594068,29.36312225484472,3.223251489808072,399812,7282.82
2019-12-16,25.97045967212992,31.43545446235069,3.6423055500880537,399812,7359.31
2019-12-17,26.29627225562758,31.697474950496314,3.6597591998862815,399812,7426.08
2019-12-18,26.281869150219933,31.58200292783492,3.623549458461523,399812,7413.07
2019-12-19,26.40137244273472,31.52296466123736,3.721537025782493,399812,7456.04
2019-12-20,26.20033129701269,31.3597120090552,3.676901730014364,399812,7394.03
2019-12-23,25.77642051140308,31.13040252291809,3.6110710426818864,399812,7275.62
2019-12-24,26.014491319916008,31.39503030950772,3.697072923588652,399812,7348.22
2019-12-25,26.0559935602314,31.585157722968955,3.6827906763066567,399812,7374.11
2019-12-26,26.2692026145842,31.96417719755724,3.682055843192764,399812,7436.27
2019-12-27,26.17283832017965,31.701894232759383,3.604025261652775,399812,7394.4
2019-12-30,26.434318956814,31.80411159697228,3.628207027611495,399812,7449.63
2019-12-31,26.72157702590102,32.22915425596115,3.677567002345932,399812,7540.75
2020-01-02,27.172047391432688,33.42673462475366,3.768802376681351,399812,7686.64
2020-01-03,27.28594676623128,33.392449827574055,3.76239935623062,399812,7721.36
2020-01-06,27.183384747070736,33.625636285407225,3.817695985335439,399812,7712.69
2020-01-07,27.58397351163553,33.593079037191146,3.844261970278089,399812,7862.22
2020-01-08,27.15691208227051,32.97753331240675,3.761366452942275,399812,7727.22
2020-01-09,27.56682116938653,33.508301813613855,3.829428614687637,399812,7868.31
2020-01-10,27.56660696465893,33.314108355861634,3.8324647834128176,399812,7872.98
2020-01-13,27.79946716786687,33.596732567475314,3.907721460800873,399812,7945.4
2020-01-14,27.74863873753,33.477574520339786,3.8650465379906818,399812,7920.96
2020-01-15,27.66637850825272,32.94971240517553,3.899830276666247,399812,7899.62
2020-01-16,27.54318721194729,32.790854550619315,3.840684640978233,399812,7870.79
2020-01-17,27.59807163427055,33.01809041601018,3.837633652422527,399812,7877.19
2020-01-20,27.781581462065283,33.55431975910855,3.77344137793316,399812,7914.41
2020-01-21,27.583288458965363,32.9272757772972,3.744043918089656,399812,7843.31
2020-01-22,27.355890953392617,32.92038035755516,3.7569025049244495,399812,7796.78
2020-01-23,26.646270002446457,32.28871663778244,3.663287073456429,399812,7595.49
2020-02-03,24.741275855184064,29.89235810546777,3.523008489806508,399812,7086.63
2020-02-04,25.31236251560279,30.98145141459968,3.697863102902863,399812,7282.25
2020-02-05,25.939086357905293,31.372371624621906,3.9313118297377305,399812,7484.37
2020-02-06,26.717847469569264,32.99511854854414,4.061110273259571,399812,7757.32
2020-02-07,26.72512582114077,32.67745965393041,4.074980007153707,399812,7774.72
2020-02-10,26.596061516142857,32.50138372948921,4.017481393582418,399812,7742.58
2020-02-11,26.54487922334938,32.92499604279729,4.0154956912819735,399812,7712.35
2020-02-12,26.763409298066,33.480011665004575,4.109059856935362,399812,7796.55
2020-02-13,26.48901154367087,33.0111070168892,4.05898636186752,399812,7717.58
2020-02-14,26.48035962638224,32.913475958577976,4.066925460870788,399812,7727.93
2020-02-17,27.04297593369014,33.397076404413205,4.164324607308089,399812,7891.26
2020-02-18,27.21824361725716,33.36360707094447,4.131579822466591,399812,7953.45
2020-02-19,26.95462262912886,32.75042379771389,4.034340757929245,399812,7850.99
2020-02-20,27.53363555958499,33.30913738812395,4.077091425209309,399812,8013.51
2020-02-21,27.707151609368708,33.537739050802614,4.078114489043732,399812,8058.41
2020-02-24,27.733433534444355,33.845584416394985,4.099786134553449,399812,8109.15
2020-02-25,27.57512687469139,34.15066455887793,4.098304033585457,399812,8093.15
2020-02-26,27.12212562610905,33.408191820167815,4.040411983856199,399812,7899.22
2020-02-27,27.14665304905463,33.45181030394113,4.040534495321117,399812,7920.82
2020-02-28,26.10229173278353,32.9211604093376,3.943705945872324,399812,7623.9
2020-03-02,26.809567411138808,33.26318219317009,4.035386719921037,399812,7833.41
2020-03-03,26.887365422458025,33.35908860432342,4.015412610930119,399812,7890.62
2020-03-04,27.0391221404262,33.1506998919464,3.993183548432542,399812,7934.06
2020-03-05,27.69708794729051,34.494737530313884,4.05089495857721,399812,8115.36
2020-03-06,27.452142207092376,34.05209922690818,4.017072142025498,399812,8063.94
2020-03-09,26.55910583746808,32.88883159982752,3.907376100078196,399812,7798.69
2020-03-10,26.932285566945783,33.83684812097002,3.900783439381824,399812,7913.57
2020-03-11,26.61399113561717,33.274360991540526,3.908795153030254,399812,7813.92
2020-03-12,26.014116052304995,32.09124573308595,3.816361480857968,399812,7616.71
2020-03-13,25.685483635171185,32.46244644393595,4.022382235494586,399812,7526.35
2020-03-16,24.80660659171137,31.063053016146867,3.9160949969901058,399812,7247.04
2020-03-17,24.767587353177657,31.39776819783681,3.8464886294478537,399812,7251.72
2020-03-18,24.378980818589834,31.355407335053336,3.788210163588322,399812,7155.05
2020-03-19,24.193287013033267,31.30893262231923,3.711801890562065,399812,7132.55
2020-03-20,24.762611773274912,32.29037441172964,3.808774863610995,399812,7286.88
2020-03-23,24.16363063502057,30.982121046961936,3.6454653392327554,399812,7078.3
2020-03-24,24.73242073415349,30.923310918225475,3.700723605140715,399812,7242.8
2020-03-25,25.34698036435179,31.600392680784857,3.839557612104521,399812,7437.33
2020-03-26,25.122801713109617,31.793946619297884,3.848989957883709,399812,7462.63
2020-03-27,25.02646185661336,31.045633081468026,3.852022602213849,399812,7440.19
2020-03-30,24.581237171480392,31.318426920280423,3.747936982638725,399812,7301.06
2020-03-31,24.786766415962628,31.44316025523737,3.73674876996444,399812,7368.04
2020-04-01,24.5227181152213,31.418739606070503,3.6639752419755727,399812,7274.59
2020-04-02,24.73111209495221,31.470798578148305,3.689346946337171,399812,7363.48
2020-04-03,24.783286941818968,32.68685553758358,3.6271666846034303,399812,7385.92
2020-04-07,25.391876432999464,33.47315781588194,3.729913720018405,399812,7591.55
2020-04-08,25.32531632108768,33.912743121140856,3.775309564311168,399812,7557.94
2020-04-09,25.60439215598342,34.22101376363667,3.812072874332401,399812,7685.38
2020-04-10,25.490283899507634,33.40679961168023,3.79714739344322,399812,7560.25
2020-04-13,25.33402413670476,32.93448098531993,3.773071276539152,399812,7510.14
2020-04-14,25.74599798527966,34.60826796217561,3.812094248786837,399812,7671.75
2020-04-15,25.51097883499249,34.46506217358114,3.8130184651644736,399812,7633.09
2020-04-16,25.561916215880267,34.72608550861416,3.796218062228683,399812,7683.34
2020-04-17,25.4197810510527,34.63285096297014,3.859685631942744,399812,7685.17
2020-04-20,25.86465955019357,34.529727811619,3.847944029657652,399812,7769.02
2020-04-21,25.355903813734106,33.81408257165538,3.808931744637184,399812,7704.09
2020-04-22,25.431149270980644,34.145090493381545,3.808167836667816,399812,7791.12
2020-04-23,25.968777983879743,35.41263931528414,3.852281671247852,399812,7804.8
2020-04-24,25.664347185796068,35.58083897890682,3.7802187437808152,399812,7683.14
2020-04-27,26.06583493394303,35.60518805217323,3.783295750112725,399812,7743.03
2020-04-28,26.40784872206813,39.16912702494472,3.940912024641805,399812,7780.43
2020-04-29,27.058343409960376,39.89307591659713,3.9910516265316014,399812,7746.43
2020-04-30,27.404766087935545,40.18693671077193,3.9436752092762792,399812,7792.92
2020-05-06,27.668103455885607,40.516080114171714,3.97681292504074,399812,7869.75
2020-05-07,27.63503793088736,40.71993595208582,4.005072545083936,399812,7877.98
2020-05-08,27.82773852208519,40.58898776310022,4.009109921649125,399812,7942.96
2020-05-11,27.80298022265294,40.53912613256938,3.975179141274628,399812,7896.42
2020-05-12,27.808976236229004,40.656903262756565,3.977959476762732,399812,7951.5
2020-05-13,27.92223133984168,40.71101454410755,4.019090572106078,399812,8013.69
2020-05-14,27.69792594939986,40.45701891757805,4.014053291820087,399812,7978.38
2020-05-15,27.64958656727321,39.85864162024322,4.042001321577189,399812,7941.19
2020-05-18,27.631298352261805,39.34847207908865,3.987481094168005,399812,7975.35
2020-05-19,27.88145482821224,39.93231770888136,4.0219068696125,399812,8066.74
2020-05-20,27.723923871887926,39.45035921148349,3.9855449270795975,399812,7952.82
2020-05-21,27.61349158743936,39.03673100807941,3.969873878724021,399812,7927.1
2020-05-22,26.83019410511865,38.46617569288544,3.8445953382396487,399812,7727.0
2020-05-25,26.886320795907068,39.03326574838167,3.8948653072634056,399812,7776.66
2020-05-26,27.368037788931108,39.49486274298509,4.026086508610158,399812,7944.57
2020-05-27,27.24513383300047,39.08085351189997,3.99113651929527,399812,7873.51
2020-05-28,27.221997534698364,39.13778903459193,4.011636510013461,399812,7833.45
2020-05-29,27.46601030878501,39.397429341495965,4.08244677599558,399812,7977.45
2020-06-01,27.953419283288486,40.14617052914532,4.124523655542297,399812,8122.99
2020-06-02,27.93854687210497,39.795097810826384,4.05394005459457,399812,8033.51
2020-06-03,27.902701449820427,39.6538559749753,4.055725344324429,399812,8042.4
2020-06-04,27.89331574253729,39.5535369746261,4.032917373201795,399812,8053.01
2020-06-05,27.913236224695776,39.917481129020935,4.053720146787604,399812,8098.22
2020-06-08,28.01400043306292,39.3730725739152,4.016787259798056,399812,8041.69
2020-06-09,28.35681237217283,39.67031891318104,4.085641157511564,399812,8169.3
2020-06-10,28.35647843651788,40.0003068235164,4.071180322383503,399812,8225.16
2020-06-11,27.95764303219365,39.35420872837497,4.095363775519535,399812,8166.99
2020-06-12,28.07412407538742,39.93122883797776,4.153262516811644,399812,8256.23
2020-06-15,30.70159900601021,43.94405704336599,4.904074116979979,399812,8236.79
2020-06-16,31.184046199861665,45.047970615040086,5.022333899121929,399812,8380.48
2020-06-17,31.4232059544276,45.20009301692804,5.044095993179246,399812,8454.4
2020-06-18,31.33201150314837,44.49920042694514,5.073697329652565,399812,8400.79
2020-06-19,31.638907664895594,45.306328240112464,5.316167400207711,399812,8543.52
2020-06-22,31.422401734215384,44.896109357707694,5.006052619615558,399812,8508.48
2020-06-23,31.61326183727239,45.79382922123365,5.125591128672141,399812,8618.7
2020-06-24,31.68419952228741,46.04703108835419,5.037513353002018,399812,8595.85
2020-06-29,31.476942114232425,44.853178346790095,4.996534349909066,399812,8588.51
2020-06-30,31.9928806496606,45.21145146481128,4.966762221794207,399812,8763.94
2020-07-01,32.40234150843498,45.089274713303794,4.916376831553846,399812,8791.0
2020-07-02,33.168114511800226,45.05734626718468,4.938049495129055,399812,8889.15
2020-07-03,33.777142538154585,47.326332682042576,5.147056303543355,399812,9033.85
2020-07-06,35.32582704672748,48.95257026887871,5.2988538399322,399812,9287.07
2020-07-07,35.7359480703322,49.08282325138151,5.24675878088538,399812,9440.0
2020-07-08,36.36330714709019,50.83000240811256,5.459013387949581,399812,9588.1
2020-07-09,37.13907897614299,51.619790211401465,5.544766292531684,399812,9873.65
2020-07-10,36.57335210960648,51.65997823287688,5.472566213972652,399812,9869.13
2020-07-13,37.35242317695064,52.83733810177317,5.596226752385325,399812,10114.21
2020-07-14,37.31449675199316,52.59531854464393,5.713042353473188,399812,10116.12
2020-07-15,37.0982760290626,52.0549442651718,5.591264535708081,399812,10051.71
2020-07-16,35.13256869513195,48.89481683906049,5.279575229414737,399812,9469.07
2020-07-17,35.27745728103116,49.95701996421849,5.54729929679127,399812,9567.75
2020-07-20,36.24759139421943,50.68783053966329,5.60878776376245,399812,9686.53
2020-07-21,36.39788373818056,51.58819100810797,5.641120378644569,399812,9852.97
2020-07-22,36.41919091711459,51.79823076054959,5.624545153313326,399812,9932.43
2020-07-23,36.35784694814409,51.51123493188188,5.490920432183204,399812,10022.33
2020-07-24,34.546659270774185,48.08114110997778,5.127581818857028,399812,9459.41
2020-07-27,34.799161565562486,48.73612977119724,5.184722020550305,399812,9533.7
2020-07-28,34.97816935600598,49.712061930370965,5.22107810710815,399812,9622.32
2020-07-29,35.954440952176455,50.625163352973104,5.429210951339105,399812,9943.8
2020-07-30,35.752769047871645,50.28746277336624,5.362718663416136,399812,9939.12
2020-07-31,36.010293498226915,50.290558739610006,5.501719429970852,399812,10076.45
2020-08-03,36.778967496058165,52.25296712087682,5.558808842494482,399812,10277.4
2020-08-04,36.93772020188082,51.30526694909197,5.73153507853387,399812,10260.95
2020-08-05,36.91633006074435,51.299632079436925,5.796555250835159,399812,10329.2
2020-08-06,36.61424627751954,50.85166436537222,5.820762179651791,399812,10175.92
2020-08-07,36.05263592352514,49.734637349903736,5.603908535858422,399812,10049.43
2020-08-10,36.618080735999726,52.14303807072466,5.618808572950089,399812,10117.74
2020-08-11,35.99579604677607,50.88458615331891,5.699591874089571,399812,9980.91
2020-08-12,35.51530242954902,50.73400104862985,5.540246139911372,399812,9738.91
2020-08-13,35.38061490868096,49.12963081756193,5.511828252467659,399812,9669.23
2020-08-14,36.04257706636878,50.54086687763751,5.57285886943064,399812,9802.97
2020-08-17,36.93671920680175,51.66386999087986,5.638078212703023,399812,10013.18
2020-08-18,37.0671745850667,53.88527453822039,5.617356031263452,399812,10060.56
2020-08-19,36.2614363824745,55.13639290753983,5.7018094650129445,399812,9825.54
2020-08-20,35.882112990447865,53.53329333090281,5.592960859208452,399812,9750.87
2020-08-21,36.27715739477381,54.04115145825095,5.661598678795976,399812,9926.58
2020-08-24,36.92664190286034,54.10019566709634,5.751406392358469,399812,9991.73
2020-08-25,36.89638867426853,54.47407775600576,5.741402802654815,399812,10007.08
2020-08-26,36.6814658414747,54.486048678271096,5.648066516860544,399812,9895.42
2020-08-27,36.41963732024064,54.65688274792021,5.685704835563669,399812,9997.3
2020-08-28,36.71695307854337,54.20395368691445,5.349871272432525,399812,10225.65
2020-08-31,37.28664817185624,54.79617559378981,5.33452173454225,399812,10169.09
2020-09-01,37.38187302936323,54.98025757290115,5.344200423185164,399812,10185.89
2020-09-02,37.61956036261914,55.56507553518931,5.499708826272095,399812,10261.12
2020-09-03,37.46606981592416,55.80104334842254,5.544899525570797,399812,10199.34
2020-09-04,36.92768519967041,54.44110978324999,5.537465642666259,399812,10051.63
2020-09-07,36.07930176540027,52.967483029472525,5.365300994016299,399812,9765.12
2020-09-08,36.312062667715416,53.64378074676776,5.306223859546389,399812,9776.09
2020-09-09,35.17161414823304,50.84009765593952,5.099663033775481,399812,9380.73
2020-09-10,34.90508141281636,50.3042328424895,5.028659244710708,399812,9322.25
2020-09-11,35.3063383611024,50.98848354657525,5.113146668064202,399812,9477.2
2020-09-14,35.234415451537785,51.06288315142455,5.221811021940278,399812,9479.29
2020-09-15,35.55755816244193,51.76121536640672,5.33716648734921,399812,9577.26
2020-09-16,35.23531689100197,51.3188349548713,5.24171202098854,399812,9458.31
2020-09-17,35.08977822741913,50.67435676789656,5.090788514506979,399812,9371.16
2020-09-18,35.96569746795323,51.47005084289813,5.109986275157886,399812,9531.17
2020-09-21,35.69195227648983,50.980487607072135,5.145860169438164,399812,9448.64
2020-09-22,35.224781337903984,49.99758716479708,5.065497990724641,399812,9357.32
2020-09-23,35.51080060933751,50.13225704101889,5.098036555052745,399812,9510.17
2020-09-24,34.89229719217072,49.338562097993474,4.969039830575321,399812,9345.32
2020-09-25,34.892104277209576,49.69175385231591,4.997184527986358,399812,9352.17
2020-09-28,34.6864354331207,49.87860748531294,4.981229545117633,399812,9285.61
2020-09-29,34.86460401300027,50.18910323740072,5.150074629143322,399812,9354.87
2020-09-30,34.76062187995845,50.25596895843112,5.131279365956139,399812,9377.11
2020-10-09,35.47329453997938,51.237384396312535,4.90171233454946,399812,9571.44
2020-10-12,36.23652003902234,52.04252976622155,4.951729630780022,399812,9784.84
2020-10-13,36.20433025441738,51.62011949433531,4.861476121585363,399812,9813.78
2020-10-14,35.90338704106097,51.43139463038944,4.801183356672787,399812,9752.64
2020-10-15,35.684010116416694,51.232531098029206,4.758879253330356,399812,9677.92
2020-10-16,35.82359184800643,51.09160916569131,4.796835396752051,399812,9693.42
2020-10-19,35.31695740869462,50.74898412544236,4.619530418682718,399812,9534.87
2020-10-20,35.53802636957148,50.47535970358395,4.684259469365728,399812,9635.45
2020-10-21,35.427117940726376,50.129415071074085,4.692447828196243,399812,9625.03
2020-10-22,35.19449941594444,50.18845218121959,4.627214546742163,399812,9530.26
2020-10-23,34.50398298235029,49.359809769491136,4.596792684875389,399812,9298.87
2020-10-26,34.2236707222648,48.81960164794094,4.624222186999447,399812,9286.26
2020-10-27,34.15797546465696,49.37555425211906,4.630850960236884,399812,9380.19
2020-10-28,34.035608408498135,49.91908781426221,4.661013078282607,399812,9446.04
2020-10-29,33.832555426087126,50.03343311399535,4.662367479186719,399812,9539.42
2020-10-30,32.54702613182693,48.48887726374305,4.658351253670322,399812,9342.63
2020-11-02,32.20827897668794,48.15957828482918,4.733635624895348,399812,9280.22
2020-11-03,32.78127338741697,48.16905011235482,4.743765926893104,399812,9413.92
2020-11-04,32.756501205588656,48.61807566050408,4.812720404502592,399812,9425.84
2020-11-05,33.230146586685976,49.32722923413503,4.819513509117364,399812,9502.39
2020-11-06,32.94916056990107,49.049516195227255,4.824283588185823,399812,9389.15
2020-11-09,33.50623653827888,48.16900044609473,4.982809288591708,399812,9548.18
2020-11-10,33.22159478958454,48.05721170987015,5.069349762622003,399812,9465.06
2020-11-11,32.879562851540975,47.01834824841178,4.925986093405566,399812,9312.93
2020-11-12,32.92024689844359,47.35285943366054,4.973227117744248,399812,9357.38
2020-11-13,32.62155145380559,48.34682330540729,4.926674528891374,399812,9303.97
2020-11-16,33.095343261121286,48.04711478167998,4.985854746038696,399812,9379.1
2020-11-17,32.77724809978002,46.91831527952894,4.997373866338075,399812,9232.76
2020-11-18,32.81942181873437,47.65715760792703,4.898191148113319,399812,9189.03
2020-11-19,33.043386269875214,47.17979933030104,4.9113257866764455,399812,9258.19
2020-11-20,33.02670007944396,46.97934806441198,4.86937991839377,399812,9275.23
2020-11-23,33.02596606573236,46.72612183777898,4.8328062203704,399812,9242.51
2020-11-24,32.857207520616065,47.10819815432117,4.8358143574507455,399812,9202.78
2020-11-25,32.369798621617925,46.65649846784144,4.726515287871651,399812,9027.12
2020-11-26,32.439261646404425,45.48316431062656,4.72684287793653,399812,9032.04
2020-11-27,32.67512426966057,45.42852696053328,4.784621878527016,399812,9087.15
2020-11-30,32.71050125928102,45.91054214223294,4.864177086804114,399812,9105.01
2020-12-01,33.498194595710565,47.898391480179264,5.057628578828849,399812,9315.2
2020-12-02,33.47100049932028,48.23557046269365,5.077207311847991,399812,9297.97
2020-12-03,33.654871222916654,48.22068540009317,5.051842358436916,399812,9387.99
2020-12-04,33.67169489816531,48.42608243955155,5.088278369363125,399812,9434.9
2020-12-07,33.25444326530222,48.11335363328719,5.02411337184688,399812,9360.98
2020-12-08,33.18585461286987,48.92115201965407,5.005821857789364,399812,9346.62
2020-12-09,32.71672329014342,46.97856555342996,4.908856749019202,399812,9202.37
2020-12-10,32.78100507537719,47.81362638214299,4.8377209977538,399812,9246.67
2020-12-11,32.4577831280293,47.45858283505952,4.830293952196082,399812,9147.27
2020-12-14,31.76082377701948,48.14936444298911,6.790143164200205,399812,9263.36
2020-12-15,31.79715689658089,48.42386304107119,6.905635062826776,399812,9330.55
2020-12-16,31.82825251469309,47.95259861462178,6.699916003986421,399812,9364.43
2020-12-17,32.21815291149948,47.86603051036114,6.806494003692658,399812,9465.06
2020-12-18,31.794897179502907,46.945756328035,6.818572927256506,399812,9356.44
2020-12-21,31.951296113909923,46.83187200704335,6.930962921584644,399812,9429.61
2020-12-22,31.33124672140213,45.52967324128508,6.840292908964853,399812,9281.33
2020-12-23,31.28810000994985,45.24982890210969,6.661696956723471,399812,9267.19
2020-12-24,30.67882061263032,43.925234865245,6.390533825654252,399812,9126.48
2020-12-25,30.73001146138516,44.50109166518388,6.4429211950485055,399812,9191.46
2020-12-28,30.36262016974684,44.54245701436075,6.268296689634752,399812,9107.11
2020-12-29,30.587457986704905,45.14188608975117,6.300499625053873,399812,9120.92
2020-12-30,30.83676394982612,45.80344886763121,6.3225435223511655,399812,9220.82
2020-12-31,31.37983243742531,45.92457429973544,6.558893216448782,399812,9371.23
2021-01-04,31.484365052600133,46.21297832213252,6.4717627784603255,399812,9442.92
2021-01-05,31.79105930160289,47.04265920946529,6.771516357771587,399812,9602.89
2021-01-06,31.961297539861327,47.5772282351472,6.884327390582683,399812,9692.53
2021-01-07,31.65090199215667,46.95564337009317,6.796694999894379,399812,9681.36
2021-01-08,32.18782379043981,48.987679713051136,6.816241221485661,399812,9768.82
2021-01-11,31.685595944832524,49.09023140837074,6.7592097792696535,399812,9672.36
2021-01-12,32.0902038495795,47.98471344208937,6.603895431427849,399812,9862.99
2021-01-13,31.805370499547767,47.9129802653316,6.675971705492435,399812,9802.38
2021-01-14,31.724511765561694,47.71279150605325,6.6478272718390965,399812,9681.14
2021-01-15,31.674425226461228,46.93666764781044,6.742141155595078,399812,9644.02
2021-01-18,31.873513975620234,47.568759589806575,6.682322053556962,399812,9703.68
2021-01-19,31.75074167749993,46.39687018063899,6.774200593126708,399812,9610.21
2021-01-20,31.867258094165585,46.345171873001576,6.792316677326189,399812,9766.07
2021-01-21,32.40177834537588,47.91850652952813,6.876398254838749,399812,9943.87
2021-01-22,32.36096220753085,48.88104932306355,6.916287233204304,399812,10089.56
2021-01-25,32.30669885571565,48.525923077701904,6.973422632507808,399812,10058.78
2021-01-26,31.867555480343515,47.68875592038344,6.983181844424639,399812,9868.5
2021-01-27,32.2672856825066,49.1243237484087,7.155025324147871,399812,9949.3
2021-01-28,31.595390654085147,47.425052782939886,6.816253054132495,399812,9726.12
2021-01-29,31.080461838218525,46.563170431046,6.736214680355376,399812,9648.65
2021-02-01,31.31294736843956,46.6490373339617,6.803059382409861,399812,9830.77
2021-02-02,31.62425351983308,47.23715775792522,6.86726098668726,399812,9995.57
2021-02-03,31.17918380126391,46.26008620864256,6.948985232872294,399812,9918.65
2021-02-04,30.509520429366777,45.80586456826044,6.790511559912698,399812,9798.25
2021-02-05,30.54492654933528,46.4186096228738,6.795811178747794,399812,9870.48
2021-02-08,30.77327807885653,46.40325388545235,6.854746922344111,399812,10053.3
2021-02-09,31.2482452600011,46.14768049551432,6.991394356120097,399812,10224.8
2021-02-10,31.70240575595307,47.28531796066726,7.156883582369706,399812,10435.71
2021-02-18,32.19651424380797,47.436608605369,7.033622006553236,399812,10290.25
2021-02-19,32.705405178688,48.11431588883946,7.113816496331296,399812,10332.76
2021-02-22,32.17658854960904,47.38716426709834,6.801054433282386,399812,10011.46
2021-02-23,32.09906645140773,46.80289669921029,6.744488268657543,399812,9959.71
2021-02-24,31.81197044210553,47.459464773055,6.612194931102641,399812,9722.73
2021-02-25,31.755354811381324,46.911299442483696,6.593651040581433,399812,9678.85
2021-02-26,31.29162504205547,46.367854544025086,6.436673642775906,399812,9486.31
2021-03-01,31.94744855601468,46.30052143850883,6.614871786189926,399812,9629.43
2021-03-02,31.71836679781493,45.6530518158918,6.58655206396981,399812,9526.7
2021-03-03,32.095760450722786,47.9728275506505,6.4878063333045946,399812,9651.31
2021-03-04,31.64545520563848,47.47432866394031,6.348668055318269,399812,9385.07
2021-03-05,31.720513927764536,48.01262416214723,6.38862295706825,399812,9417.19
2021-03-08,31.10909577783876,44.932519917457086,6.425847023787595,399812,9111.4
2021-03-09,30.4577961517294,43.57614088678123,6.409731299272236,399812,8886.61
2021-03-10,30.222093553785022,43.23021592677047,6.335995483755987,399812,8908.7
2021-03-11,30.61702097041207,40.73684366376981,6.387321886108926,399812,9078.59
2021-03-12,30.40563762401821,40.43189315574073,6.28878771228065,399812,9064.05
2021-03-15,29.80691931871014,39.48005665565644,6.07248146319214,399812,8833.92
2021-03-16,29.99820371635665,39.79547367430618,6.045061965191186,399812,8927.36
2021-03-17,30.11374000594406,39.83621961640606,6.0764923716605495,399812,8998.93
2021-03-18,30.36641878624566,41.97221455502857,6.151148871197309,399812,9110.39
2021-03-19,29.77367919842381,42.0820773851466,6.1240732788020775,399812,8954.82
2021-03-22,30.172162751810585,43.40323658989556,6.164533281421454,399812,9079.74
2021-03-23,30.12229546450414,43.21721307128699,6.169963103112638,399812,9045.95
2021-03-24,29.83285275571277,42.40594315685806,6.091752942690727,399812,8971.24
2021-03-25,29.75921314015805,42.48928752159967,6.155506074125897,399812,9000.61
2021-03-26,29.948312634898684,41.96660081926101,6.163962165234022,399812,9179.64
2021-03-29,29.72556212862593,42.46739828352063,6.153701054457844,399812,9173.51
2021-03-30,29.620899071771984,42.33906554637558,6.307238377945748,399812,9225.45
2021-03-31,29.516348630914603,42.05767868792812,6.285801388557466,399812,9195.16
2021-04-01,29.61889195783393,42.63797333232091,6.185472763442115,399812,9313.57
2021-04-02,29.7829316302928,42.99947984723431,6.328806942856632,399812,9400.08
2021-04-06,29.77375613398025,43.57289099752026,6.33204818881442,399812,9332.34
2021-04-07,29.545877943879365,43.19196941230817,6.224866042597899,399812,9277.43
2021-04-08,29.658563007699264,44.02860493592343,6.401236779126158,399812,9379.45
2021-04-09,29.36097285744951,44.24772854153272,6.3105714444632,399812,9289.07
2021-04-12,28.65103180435665,42.40727037859624,6.1845284452384375,399812,9067.54
2021-04-13,28.80577028142644,42.26136060005061,5.982197679306809,399812,9081.64
2021-04-14,29.167785584144333,42.771921635396765,6.177409719366242,399812,9210.03
2021-04-15,28.90856065394305,41.87862386271061,6.1371737362695855,399812,9141.56
2021-04-16,29.11585448610857,42.14097628186419,6.204448906232317,399812,9154.63
2021-04-19,29.67668463712053,41.03413222704541,6.296656253173669,399812,9324.86
2021-04-20,29.547767556948884,40.76785116049783,6.27166874309699,399812,9347.4
2021-04-21,29.74747127147089,40.77820566108021,6.515871254446092,399812,9472.23
2021-04-22,29.56159595614104,41.276601959707065,6.298473919045442,399812,9522.26
2021-04-23,29.15655102967975,37.40411377112122,6.415739493410779,399812,9556.0
2021-04-26,28.892150105657898,37.25772068695983,6.505864960904692,399812,9491.32
2021-04-27,29.062656248647464,37.78846426960914,6.430230184630962,399812,9623.02
2021-04-28,28.734615425567124,38.143484053635085,6.454307596081131,399812,9742.13
2021-04-29,28.409155190164377,38.25645067751879,6.340229031906038,399812,9788.16
2021-04-30,28.65124019326109,40.02246805968189,6.390962138467503,399812,9778.87
2021-05-06,28.24944650105868,40.220204735424126,6.199203366308218,399812,9533.27
2021-05-07,27.82510313369269,38.84514944633868,6.101904453834012,399812,9322.91
2021-05-10,27.75991687196858,40.413495216012464,6.087628334224856,399812,9374.78
2021-05-11,27.925921572410942,41.96081330775208,6.11619324268682,399812,9470.37
2021-05-12,28.14619999293848,41.8369311271128,6.238992241772548,399812,9572.41
2021-05-13,28.011072992328,42.30013881376435,6.205686325799333,399812,9553.19
2021-05-14,28.581422931350936,41.97540921518542,6.253672354146545,399812,9738.08
2021-05-17,28.74438380400569,43.29586276749568,6.447385165404919,399812,9896.41
2021-05-18,28.840759057778666,42.69770799924131,6.24976310484387,399812,9862.7
2021-05-19,28.566857068314643,42.44071485693675,6.0689535689893255,399812,9814.32
2021-05-20,28.686273289127936,42.05973025422361,6.06747924116404,399812,9839.42
2021-05-21,28.37363326317802,41.84557672743927,6.060592099566172,399812,9695.2
2021-05-24,28.517405143209302,41.951014891468446,6.101631190271579,399812,9725.21
2021-05-25,29.11733778850025,43.32864050162834,6.21517450488858,399812,9959.53
2021-05-26,29.31227066534085,44.96508452283405,6.131906858396658,399812,9964.84
2021-05-27,29.46012556091765,44.42168426063551,6.262801823554634,399812,10022.53
2021-05-28,29.167135760131924,44.54195462931264,6.135011993404859,399812,9884.99
2021-05-31,29.30186778775068,44.12600012401815,6.058857330405409,399812,9953.97
2021-06-01,29.2483167836414,44.32757594712513,6.058983424391764,399812,9996.37
2021-06-02,28.8669753981982,43.720549460126506,5.890318843272297,399812,9837.53
2021-06-03,28.769292766317047,42.83676318452608,5.9907627155718295,399812,9789.29
2021-06-04,28.86988515848585,42.74797634549226,6.027650681815657,399812,9826.47
2021-06-07,28.815948418855324,42.63664054105543,6.160129592309577,399812,9859.61
2021-06-08,28.748561521165897,42.766172959617705,6.054733735688188,399812,9759.23
2021-06-09,28.6342443394792,41.69804802310195,6.034440002072291,399812,9706.0
2021-06-10,28.69077149424788,41.346961737922086,6.033134294374767,399812,9758.86
2021-06-11,28.221640314541784,40.72387805177383,6.014485359653104,399812,9645.19
2021-06-15,27.694805394753043,38.37006601188431,5.797686192654735,399812,9534.01
2021-06-16,27.36003781713297,37.63519770294936,5.759428118991332,399812,9379.42
2021-06-17,27.284030120063285,37.08970608918844,5.8355743160367695,399812,9360.08
2021-06-18,27.2671189269026,36.56519854088096,5.901465076829702,399812,9364.35
2021-06-21,27.300389249958904,36.922800263017535,5.892898705421008,399812,9409.74
2021-06-22,27.47094667877806,36.36780741377415,5.828356197924053,399812,9472.0
2021-06-23,27.4594185290872,36.10417014333776,5.799052358732785,399812,9478.36
2021-06-24,27.17110021181439,35.90257799210737,5.726170365433267,399812,9377.74
2021-06-25,27.34984313054648,36.3083864825805,5.826841227730318,399812,9486.22
2021-06-28,27.35838548027335,35.96079333123605,5.834288181046608,399812,9541.85
2021-06-29,27.05465295592485,36.395935064712575,5.745321684985355,399812,9466.48
2021-06-30,26.976323652407377,35.994135338095326,5.7420341005472135,399812,9476.89
2021-07-01,26.894625051161057,35.570546456516915,5.777464604814645,399812,9484.33
2021-07-02,26.55728582912027,34.61674946617913,5.637013990236406,399812,9246.96
2021-07-05,26.369703582311885,34.23736707460654,5.544609161908996,399812,9215.67
2021-07-06,26.3530970024047,33.632363387024,5.455328178279171,399812,9087.1
2021-07-07,26.404053884110244,34.01558786715318,5.605793721731064,399812,9149.24
2021-07-08,25.98542074923265,33.680361840948,5.447121056933424,399812,8986.6
2021-07-09,25.92787076982447,33.65279657279798,5.424884976221114,399812,8951.14
2021-07-12,26.093943864731123,34.81672096896965,5.399066208582047,399812,9076.79
2021-07-13,26.326331255571564,34.60068829856695,5.537472655164239,399812,9142.1
2021-07-14,26.220990028221,34.98495881318396,5.6048870739805725,399812,9151.37
2021-07-15,26.13720887497777,33.228922424281535,5.536068405674018,399812,9117.99
2021-07-16,25.891273616024208,33.580813859944726,5.49548909612692,399812,9008.06
2021-07-19,25.839793207460108,33.52853055799066,5.493947801524863,399812,9062.3
2021-07-20,25.81467550176034,33.38956889990895,5.424536563869237,399812,9056.22
2021-07-21,25.781943052014874,33.968164769747176,5.440783733784894,399812,9089.38
2021-07-22,25.66616204947187,33.185465078470905,5.371707773185799,399812,8950.56
2021-07-23,25.02980833098167,32.40908045734313,5.201865211982122,399812,8724.01
2021-07-26,24.07369857469843,31.611331733743764,4.926577634608639,399812,8310.41
2021-07-27,23.481004288364225,31.03878756441014,4.852900232559322,399812,8087.89
2021-07-28,23.574620278175964,30.52991866732676,4.883065520863805,399812,8136.16
2021-07-29,23.70029259012683,30.67576945266557,4.918285211017947,399812,8231.61
2021-07-30,23.75680825462008,30.803917614664392,4.92517405155547,399812,8191.93
2021-08-02,24.103088840155035,31.556692771321096,5.053459188853539,399812,8314.83
2021-08-03,24.24016010618445,32.55918920965251,5.112684514799911,399812,8451.0
2021-08-04,23.94893910946828,32.36999819495066,5.10006476037587,399812,8363.08
2021-08-05,23.62437907189699,31.416083385339363,5.031185034326658,399812,8285.5
2021-08-06,23.28776115087784,30.97157500542651,4.85424091129314,399812,8126.76
2021-08-09,23.96236350665999,32.25532311316338,5.121276441628423,399812,8351.25
2021-08-10,24.210406503988345,33.18560684525423,5.188278901176383,399812,8466.01
2021-08-11,23.96780924003837,32.869040682553695,5.063540526718298,399812,8324.42
2021-08-12,23.759023461216177,32.638730316253806,5.020827045840648,399812,8241.52
2021-08-13,23.616575568701258,31.987113801815816,4.988317131785551,399812,8202.76
2021-08-16,23.84112102044503,32.50491765693806,5.050683764954087,399812,8300.8
2021-08-17,23.57483471905868,32.64860356620194,4.967426841037568,399812,8105.41
2021-08-18,23.7802976650997,31.840892422724803,4.861059775164028,399812,8151.36
2021-08-19,23.765243519936725,32.736300753587415,4.930845628133687,399812,8152.99
2021-08-20,23.16993728574593,30.869733260572943,4.744927295082894,399812,7883.72
2021-08-23,23.18173597631035,31.111313756866544,4.826667382934337,399812,7998.58
2021-08-24,23.114406060644868,31.30702251378298,4.832724364782132,399812,8009.82
2021-08-25,23.24601232655961,31.87181357269593,4.889916474274052,399812,8072.55
2021-08-26,22.81152822354985,31.13587153404944,4.799428592122469,399812,7882.23
2021-08-27,23.775183664286114,30.547623743833974,4.748494689970878,399812,7820.31
2021-08-30,23.09625957956844,30.07623405984647,4.633769520460325,399812,7753.53
2021-08-31,22.824212608407183,30.438145768471955,4.573451958338287,399812,7685.63
2021-09-01,23.39674859063365,31.28591982619846,4.747596161959901,399812,7841.2
2021-09-02,23.20285701195751,31.113222122395868,4.602836928628635,399812,7728.85
2021-09-03,23.4064544400418,31.19011490533153,4.64535393720883,399812,7798.79
2021-09-06,23.84234495069888,32.07717852332536,4.737469401898523,399812,7996.93
2021-09-07,24.05113094342138,32.18923368161725,4.744247402411494,399812,8064.35
2021-09-08,24.268315720682267,32.109391481615944,4.739301374508933,399812,8107.82
2021-09-09,24.0725336488083,32.182856705835334,4.689348372707215,399812,8041.69
2021-09-10,23.972399442233897,31.99483444082218,4.6348580826188455,399812,8004.71
2021-09-13,23.972092669296284,31.489276824410343,4.581326635108461,399812,7977.3
2021-09-14,23.629192914618088,30.919569588715603,4.5844463210309545,399812,7888.95
2021-09-15,23.37725241024773,30.938140416702176,4.510376419193765,399812,7791.61
2021-09-16,23.21019189013345,30.455974821378028,4.511714303559122,399812,7736.22
2021-09-17,23.36074660801352,30.82343904617648,4.60568293697084,399812,7852.07
2021-09-22,23.0652612379014,30.51002210233641,4.595246392439822,399812,7758.83
2021-09-23,23.340344362871967,30.90874570043588,4.6039796061601415,399812,7835.53
2021-09-24,23.4204078852547,30.57685846503834,4.624615726893369,399812,7907.57
2021-09-27,23.524836399591308,30.656917931924347,4.676156130930053,399812,7953.96
2021-09-28,23.394501615197413,30.23382195418096,4.661799242317981,399812,7894.16
2021-09-29,23.065388816550584,29.57188777265992,4.575118236907448,399812,7802.24
2021-09-30,23.21053305287261,30.18344058204585,4.650272555150492,399812,7868.67
2021-10-08,23.73735755924077,30.57988546739288,4.6937616712008845,399812,8002.76
2021-10-11,23.93207675731082,30.71502979083713,4.619367019246026,399812,8005.97
2021-10-12,23.74967953017656,30.38576199609874,4.533115747625511,399812,7950.79
2021-10-13,23.910318596549544,30.829890651020182,4.520165171668873,399812,8050.35
2021-10-14,23.76563151075284,31.51696364536396,4.548724367918259,399812,8015.59
2021-10-15,23.5048351421557,30.951254578286377,4.520884062401462,399812,7950.51
2021-10-18,23.03188805081464,30.5229488188371,4.375602505717207,399812,7780.22
2021-10-19,23.347891802787714,30.36877015372412,4.472105095272584,399812,7867.28
2021-10-20,23.166673568886548,30.425512742393988,4.467944081834762,399812,7814.5
2021-10-21,23.255275106777383,29.782458517109447,4.496474177407149,399812,7823.16
2021-10-22,23.39066303552906,30.250383880112253,4.521107227401679,399812,7894.71
2021-10-25,23.317847294717595,29.88661403218084,4.412678197914152,399812,7888.15
2021-10-26,23.599324608340687,29.883063821863416,4.385075885587936,399812,7869.43
2021-10-27,23.221334123647967,28.892229266113187,4.243833745084807,399812,7755.3
2021-10-28,23.61307359702949,29.63828527894851,4.2569093548634935,399812,7765.8
2021-10-29,24.20031239240569,30.51078902709178,4.323202622641475,399812,7849.55
2021-11-01,24.325044686356907,31.117767583793217,4.326098904376429,399812,7844.89
2021-11-02,24.1554423191581,31.142584296858825,4.43913120351989,399812,7794.3
2021-11-03,24.412252391947888,31.54512790370693,4.493833727027432,399812,7888.19
2021-11-04,24.69646473514461,31.98755515893126,4.485662751529524,399812,7995.07
2021-11-05,24.77427058151976,31.915805022371057,4.408538704407162,399812,8008.0
2021-11-08,24.57073742291448,31.321878699301685,4.373857211126131,399812,7921.68
2021-11-09,24.511642481042827,31.04233596788357,4.327167193806101,399812,7921.39
2021-11-10,24.54172452410536,31.19543091077336,4.342460591099089,399812,7944.82
2021-11-11,24.77672853638365,31.35641143030868,4.35673547827556,399812,8001.16
2021-11-12,24.69553657092964,31.004900511265383,4.392241384135287,399812,7978.16
2021-11-15,25.056647279936243,31.443699190745345,4.489747786456887,399812,8110.34
2021-11-16,25.27059833515428,31.69346596643025,4.44212431696902,399812,8197.58
2021-11-17,25.347325701704527,31.828203184339497,4.534930846241099,399812,8214.56
2021-11-18,24.89648109300877,31.05148739748048,4.428302222907837,399812,8085.98
2021-11-19,25.031973262034025,31.076323471228548,4.468683096209096,399812,8133.96
2021-11-22,24.96725269534737,30.80675239024788,4.505643553837784,399812,8100.76
2021-11-23,24.956257176563856,31.05962443571736,4.529992404663819,399812,8106.32
2021-11-24,25.09087219698493,31.059566132121205,4.4789409426095,399812,8166.62
2021-11-25,24.975736175460305,31.24815149577653,4.490852731892393,399812,8133.23
2021-11-26,24.747289360706908,30.7754450381069,4.5002506618931,399812,8048.84
2021-11-29,24.61262855612745,31.05911199332728,4.433757420056802,399812,8015.63
2021-11-30,24.552365186446107,30.66761870970951,4.469809966303467,399812,7987.44
2021-12-01,24.55426097382064,30.47671307248046,4.466625666996979,399812,7958.61
2021-12-02,24.302027911136133,30.7012664799038,4.414661013328647,399812,7856.57
2021-12-03,24.37657073809772,30.648941269443647,4.453137426830311,399812,7904.99
2021-12-06,24.168322257195847,30.409193864282745,4.383780673163197,399812,7820.05
2021-12-07,24.49987060944901,30.53675366429411,4.486434944282493,399812,7919.74
2021-12-08,24.73436888490249,30.66233958913338,4.556852269212085,399812,8005.73
2021-12-09,25.201970529740805,31.41983058983414,4.59950768446094,399812,8174.36
2021-12-10,25.16994901781159,31.04826737431665,4.60253742489091,399812,8167.39
2021-12-13,27.78811894153253,36.256517031134685,4.629377917409185,399812,8206.39
2021-12-14,27.72590103774548,35.46831546351375,4.616629194449349,399812,8185.2
2021-12-15,27.457993762796832,35.64732404726753,4.612697886437519,399812,8103.3
2021-12-16,27.604961882207487,35.84564689232798,4.729715048957116,399812,8143.06
2021-12-17,27.29943346579645,35.78256163378565,4.639899673540323,399812,8027.33
2021-12-20,27.081854257366725,34.83348004556281,4.530573586890218,399812,7937.09
2021-12-21,27.37836553798765,35.782115711480664,4.597744171490616,399812,8030.63
2021-12-22,27.61530401173257,35.669283353995006,4.663193446181473,399812,8110.72
2021-12-23,27.39927608940848,35.113809813871995,4.583895922085836,399812,8024.46
2021-12-24,27.46105085874585,35.39094098646889,4.61550043535705,399812,8078.97
2021-12-27,27.54169632669775,35.32170111361408,4.592158977611046,399812,8101.93
2021-12-28,27.663012214760723,35.082532257997144,4.637415007449285,399812,8116.09
2021-12-29,27.379128432577097,34.935698001101294,4.616118937568144,399812,8032.5
2021-12-30,27.74349596825326,36.11199117029577,4.671224905143308,399812,8136.01
2021-12-31,27.96802317288181,36.77996498880444,4.728780034496827,399812,8200.98
2022-01-04,28.23476714814053,36.22973951061145,4.846084655813487,399812,8289.47
2022-01-05,28.2345024092578,36.56040119393062,4.825414922361677,399812,8247.16
2022-01-06,28.005839187239832,36.49854649091617,4.747141626970344,399812,8160.67
2022-01-07,28.022625886201567,36.50925734413582,4.807039794891358,399812,8121.81
2022-01-10,28.15042946217132,37.45330983820782,4.871909173628743,399812,8156.82
2022-01-11,27.68177781961684,37.83600774138007,4.744944239299034,399812,8036.52
2022-01-12,27.80517758308872,37.13086442541559,4.75256869380493,399812,8108.75
2022-01-13,27.34277654247428,36.65004219352824,4.6392628341585205,399812,7967.29
2022-01-14,27.215201094627528,36.50115075267942,4.671625377907936,399812,7952.6
2022-01-17,27.34195649662531,36.94430750156292,4.812061302055943,399812,7999.45
2022-01-18,27.12774523663829,36.20955119098564,4.777869410789245,399812,7930.15
2022-01-19,27.051053547550588,35.90260414465873,4.705705013246633,399812,7902.72
2022-01-20,27.00891339939873,35.158830246234984,4.662689185640002,399812,7861.43
2022-01-21,26.51049564219713,33.8764933109674,4.433388047272544,399812,7726.29
2022-01-24,26.217636746397503,33.791899472190146,4.3680822845999785,399812,7672.25
2022-01-25,25.23880346254002,32.55262524659396,4.1805253432601726,399812,7409.84
2022-01-26,25.240644717986648,32.98652220260412,4.197598631839479,399812,7396.27
2022-01-27,24.629709555211377,32.36381290181012,4.14085006827497,399812,7217.51
2022-01-28,24.52935740024751,32.380614896945595,4.116787104887674,399812,7235.3
2022-02-07,24.86431191241196,32.45716407939807,4.222734454895889,399812,7299.13
2022-02-08,25.161854136771385,32.969104847364555,4.286050019115109,399812,7375.73
2022-02-09,25.48282577792136,33.58417397261142,4.284163861887881,399812,7473.87
2022-02-10,25.588566690109765,33.42727904227144,4.291970012172177,399812,7503.4
2022-02-11,25.264141792664507,32.52178907507639,4.238844959055042,399812,7371.02
2022-02-14,25.102190571368308,31.8713187907314,4.205608333463921,399812,7354.79
2022-02-15,25.337086797086044,32.39654092315284,4.234859351686684,399812,7429.24
2022-02-16,25.40243697523264,32.428187438868946,4.213207170842276,399812,7454.95
2022-02-17,25.17577202906975,32.183615593937105,4.160747868150084,399812,7379.9
2022-02-18,25.31673991925757,32.20495218989839,4.206572551337642,399812,7414.92
2022-02-21,25.444006684701648,32.36446633020772,4.196046624296313,399812,7455.48
2022-02-22,24.831302623674468,31.67476711586829,4.093950637923459,399812,7280.88
2022-02-23,25.123193619903702,31.93950787439704,4.152052469071735,399812,7376.07
2022-02-24,24.44672904000876,30.65004138851003,4.058924208248515,399812,7169.99
2022-02-25,24.763290206644218,31.241629080791824,4.188307218521659,399812,7278.79
2022-02-28,24.653666956467344,31.49136332762906,4.255894758426168,399812,7262.68
2022-03-01,24.772719904659365,31.312985197810303,4.193486332290485,399812,7296.16
2022-03-02,24.649736507504965,31.30057487693333,4.211678262139724,399812,7260.73
2022-03-03,24.503039822588967,31.21116208080876,4.268178193867509,399812,7231.62
2022-03-04,24.44385195050562,30.81513843869317,4.267663996976026,399812,7219.99
2022-03-07,23.66474723908497,30.0098137677342,4.14185894681859,399812,6977.37
2022-03-08,22.72922228601662,28.58280559830675,3.956695753228409,399812,6711.14
2022-03-09,22.20409963179688,27.27032121532762,3.864249113806941,399812,6585.0
2022-03-10,22.53727093732528,28.363865457021515,3.843486441078354,399812,6678.67
2022-03-11,23.07218400507457,28.912211839766503,3.9199884871068935,399812,6837.83
2022-03-14,22.53354264170547,28.42269922902021,3.787812591877471,399812,6671.73
2022-03-15,21.117810770078293,26.44524153282625,3.535521648891491,399812,6287.43
2022-03-16,21.69629411652021,26.992375985626097,3.6247068944637175,399812,6479.69
2022-03-17,22.279349370677817,27.5786286886498,3.7072436280914864,399812,6665.36
2022-03-18,22.710007328094484,27.896837649948303,3.7526015714658048,399812,6740.11
2022-03-21,22.714253039015148,28.776958598307488,3.7814985173471474,399812,6766.66
2022-03-22,22.69938374716025,28.428049044692656,3.748146826438744,399812,6711.78
2022-03-23,22.78351542498468,27.934995729004072,3.7572262433305874,399812,6759.43
2022-03-24,22.66691366978306,28.31230889193065,3.678104118352924,399812,6736.7
2022-03-25,22.4576437622052,27.60872259578205,3.6785079351451646,399812,6653.17
2022-03-28,22.484255690359944,27.15849073863541,3.6282551689768514,399812,6620.41
2022-03-29,22.654520529749487,28.08290769102068,3.608327888451856,399812,6611.37
2022-03-30,23.35499303308717,29.460071189477684,3.666028584420693,399812,6752.41
2022-03-31,23.519063458611186,28.69526944196356,3.603767414403941,399812,6713.21
2022-04-01,23.80233320595258,29.492930981663942,3.611947313844447,399812,6796.75
2022-04-06,23.84452509850806,29.200789841462832,3.629819379502707,399812,6806.57
2022-04-07,23.33816685218283,28.093985363486706,3.52163528672242,399812,6662.12
2022-04-08,23.11072843001661,27.790686882494143,3.479335188149803,399812,6599.52
2022-04-11,22.44465585263096,26.51625215825897,3.378773526007428,399812,6428.11
2022-04-12,23.055149420640163,27.97185826356402,3.53281332173702,399812,6648.35
2022-04-13,22.616045111359817,27.44859996227374,3.4906824142826576,399812,6496.9
2022-04-14,22.85636493182513,27.965492450424826,3.515451055894295,399812,6574.89
2022-04-15,22.72020346716764,27.841968146113025,3.4786612824029866,399812,6529.32
2022-04-18,22.772910875835315,28.48332693133466,3.4847324013824648,399812,6524.26
2022-04-19,22.539962146539843,28.084080332732007,3.445077500747394,399812,6447.78
2022-04-20,22.51459484615648,28.03609596832812,3.514025470437065,399812,6449.7
2022-04-21,22.016151486685025,27.648940749977942,3.3766805211942827,399812,6285.27
2022-04-22,22.12423830415236,27.05709742526149,3.3286908636372003,399812,6250.74
2022-04-25,21.06994518926241,26.40237834963624,3.158161035565046,399812,5893.35
2022-04-26,20.587394024936746,26.28662204732393,3.229716276707599,399812,5879.97
2022-04-27,20.900863717428813,26.663010236379908,3.2302946896099147,399812,5995.54
2022-04-28,21.4677629113492,26.660596882950085,3.290858665676629,399812,5940.92
2022-04-29,23.52853687285349,28.53422428860944,3.3585241168040803,399812,6198.19
2022-05-05,21.18072682599127,27.00197433571857,2.955665034378645,399812,6319.51
2022-05-06,20.786227351511727,26.73177262738342,2.9709790006650825,399812,6198.82
2022-05-09,21.00636682935584,26.845309091802115,2.959223482854596,399812,6241.77
2022-05-10,21.09433569533293,26.65136768719908,2.988372134072028,399812,6278.29
2022-05-11,21.262074722935694,27.122081469200403,3.040775039634624,399812,6347.57
2022-05-12,21.3767256768988,27.15652802726596,3.0430637042174853,399812,6413.01
2022-05-13,21.4073867171335,27.133176422217183,3.047076157329592,399812,6417.1
2022-05-16,21.233623646865823,27.08608472272153,3.0383377679974224,399812,6368.38
2022-05-17,21.12680660388088,27.109289404152285,2.967349447608988,399812,6319.39
2022-05-18,21.055135793643714,26.63737421812596,3.0135002198852856,399812,6291.93
2022-05-19,20.976895620592963,27.036327110682315,2.9662673926475835,399812,6276.89
2022-05-20,21.523834051311105,27.74684751517356,3.03059669115229,399812,6439.29
2022-05-23,21.630465067667,27.86197916074121,3.05847794119564,399812,6446.55
2022-05-24,20.936970600584868,27.40475836693402,3.034871774728413,399812,6234.6
2022-05-25,21.17573139071055,28.26899247208488,3.0340462956276006,399812,6336.38
2022-05-26,21.282192545108536,27.824689706049817,3.0862018959922977,399812,6372.59
2022-05-27,21.22345965476666,27.2561655591525,3.0627112196280946,399812,6352.34
2022-05-30,21.394500964982324,27.91949316501271,3.0597671205240187,399812,6437.8
2022-05-31,21.70300295703234,28.68227288884203,3.171731866671601,399812,6550.55
2022-06-01,21.6532515898246,29.206647875740103,3.138690194142261,399812,6515.82
2022-06-02,21.551246328936298,29.451984737232912,3.1740352541963057,399812,6485.1
2022-06-06,21.820111909853274,30.13840364873344,3.191051950017356,399812,6578.7
2022-06-07,21.898168584279865,30.14663840871919,3.2641783741680586,399812,6613.76
2022-06-08,21.92490627360881,30.06282331947372,3.249779453908858,399812,6630.5
2022-06-09,21.591551332273745,29.183631477083928,3.1856484888414944,399812,6507.08
2022-06-10,21.93511832543716,29.48377103303865,3.219446292700984,399812,6592.4
2022-06-13,22.72919977885341,29.02046734969129,3.174008072092116,399812,6548.71
2022-06-14,22.898778699081014,29.12042966205476,3.204836353890512,399812,6585.73
2022-06-15,23.18302687693088,29.364618072983045,3.2320303044674903,399812,6659.35
2022-06-16,23.3981014420217,30.023852007159533,3.243535261446929,399812,6736.27
2022-06-17,23.56830033798471,30.137878608812105,3.252723625902952,399812,6824.72
2022-06-20,23.75358946485257,30.51028897945205,3.290020935853738,399812,6894.26
2022-06-21,23.695796652306456,30.270703218698337,3.236320983672712,399812,6865.13
2022-06-22,23.250636879457723,29.53046093479169,3.202128531947072,399812,6748.2
2022-06-23,23.479503434513983,29.72484005985225,3.2182785092130013,399812,6808.98
2022-06-24,23.71422462838234,30.16841761483871,3.2575641491503973,399812,6909.47
2022-06-27,23.987204603446003,30.76881930438244,3.276287050450564,399812,6998.15
2022-06-28,24.077048919155555,30.031622320257284,3.312543173160174,399812,7044.81
2022-06-29,23.960407284381933,29.902403871820084,3.2589936992189417,399812,6996.75
2022-06-30,24.376774812788195,30.58102583058201,3.2704026343519805,399812,7157.01
2022-07-01,24.21981572159273,31.30800116427443,3.2399176136822776,399812,7087.51
2022-07-04,24.42264592018886,31.075655651728027,3.34618438464331,399812,7171.05
2022-07-05,24.17171954425589,30.46329525624848,3.3299330397312987,399812,7096.63
2022-07-06,23.668756246030032,29.92500463099222,3.2715032135132365,399812,6949.56
2022-07-07,23.474922945765964,30.274765279319418,3.259048714941754,399812,6900.26
2022-07-08,23.531426645137103,29.922227495156008,3.379522767318136,399812,6918.57
2022-07-11,23.33223525443813,30.100044345321447,3.312522766365062,399812,6857.7
2022-07-12,22.94446065316981,28.86271822689518,3.200135318512698,399812,6718.03
2022-07-13,22.930558838175177,28.64700719593564,3.2627854382667536,399812,6721.34
2022-07-14,22.90731892298504,28.98127876302049,3.3201918208448578,399812,6744.99
2022-07-15,22.431558837243788,28.56296951778875,3.1329574030887724,399812,6612.3
2022-07-18,22.69661603632017,28.8823657619034,3.194758893263253,399812,6667.07
2022-07-19,22.79676175809884,28.449915997298067,3.213278168945369,399812,6678.21
2022-07-20,22.966655623555987,28.56129615987337,3.2431855286817584,399812,6750.23
2022-07-21,22.815680288424293,28.56705500597329,3.231063105238068,399812,6713.3
2022-07-22,22.58349451627508,28.31491821205816,3.214700714580911,399812,6641.57
2022-07-25,22.55316607314282,28.18557222260944,3.207859147202848,399812,6634.41
2022-07-26,22.65708947195685,27.784738564104345,3.2131587952367777,399812,6669.29
2022-07-27,22.63423778337588,28.379363413190163,3.18837222598211,399812,6653.65
2022-07-28,22.6471445555416,28.16258982979076,3.1847415938993064,399812,6649.87
2022-07-29,22.25754937133108,27.71967616077511,3.1095111883177413,399812,6517.04
2022-08-01,22.160941250305505,27.72297859202376,3.111207175203128,399812,6509.1
2022-08-02,21.45346763158095,26.850485940756244,2.94624153971722,399812,6303.27
2022-08-03,21.296705415051555,26.031700338511264,2.9268396867476807,399812,6267.43
2022-08-04,21.558515509278617,26.705586920345034,2.9599727765944874,399812,6346.1
2022-08-05,21.986794580419527,27.162721814107897,3.030348335147922,399812,6472.5
2022-08-08,21.938018615679454,27.78957857373345,2.820665938025108,399812,6444.91
2022-08-09,21.85259573106501,27.7053375775101,2.821027612792909,399812,6420.76
2022-08-10,21.60150368755684,27.314825398297728,2.8741469993570616,399812,6364.14
2022-08-11,22.132558575457303,27.862391661311285,2.9753660284376666,399812,6513.66
2022-08-12,22.23042576297964,27.45624862831147,3.033542111413528,399812,6533.94
2022-08-15,22.045380457289102,27.596291548945626,3.034939232125083,399812,6469.97
2022-08-16,21.9586975128012,27.52990522016845,3.016195531488167,399812,6437.29
2022-08-17,22.15051084099297,27.45231817489952,3.143412125400926,399812,6501.38
2022-08-18,21.754992928982844,27.013672364303886,3.117102361707097,399812,6396.48
2022-08-19,21.72987743149828,27.52836602648753,3.1138368682079447,399812,6356.71
2022-08-22,21.910108077684104,27.59503496367536,3.144167575845707,399812,6407.07
2022-08-23,21.820849194466543,26.662352373154224,3.136945108243215,399812,6375.45
2022-08-24,21.46217981134244,26.18989549082059,3.0571324270357607,399812,6273.61
2022-08-25,21.7833219536186,26.68550482211612,3.062072663329742,399812,6349.64
2022-08-26,21.93468531120476,26.767266378873288,3.0957768728707293,399812,6370.6
2022-08-29,21.851164766938822,28.041304021691733,3.075698178249352,399812,6350.92
2022-08-30,21.878242912394025,28.18130509606295,3.1024051241596347,399812,6369.04
2022-08-31,22.18700180475051,28.43871415700561,3.0433524600662727,399812,6385.35
2022-09-01,22.10585591322849,28.479544782311464,3.0400759321318063,399812,6339.82
2022-09-02,22.058877164358293,28.17816734049128,3.0327037103049554,399812,6324.03
2022-09-05,21.92346086681688,27.40618363488675,2.98938124368905,399812,6272.85
2022-09-06,21.97870745573652,27.55739388704258,2.983109600135685,399812,6302.76
2022-09-07,21.804895578739927,27.75430126641432,2.945931948890636,399812,6263.59
2022-09-08,21.69752841903631,27.384339943181843,3.027683622341505,399812,6242.78
2022-09-09,21.97218542622881,27.71149375881118,3.0334923850699425,399812,6318.87
2022-09-13,22.00326743711852,27.34482890684344,3.014782856500212,399812,6344.28
2022-09-14,21.80537457193949,26.604728360288487,3.0407142419879305,399812,6289.16
2022-09-15,21.63614380970241,26.28739870723512,3.014347929064485,399812,6236.75
2022-09-16,21.06479108037243,25.855750200551608,2.9235513155498376,399812,6087.73
2022-09-19,20.84574994291033,25.554232010749992,2.8937423474482045,399812,6031.47
2022-09-20,20.851777724617737,25.5907816933762,2.9261241158565694,399812,6050.91
2022-09-21,20.775965986036056,25.449586434930588,2.8732717430781087,399812,6007.35
2022-09-22,20.4995842817422,25.30055895377765,2.82223089227455,399812,5916.69
2022-09-23,20.39022791650359,24.924313407532463,2.766098826684328,399812,5872.18
2022-09-26,20.073015902593905,24.39797932454963,2.7635812584086112,399812,5808.82
2022-09-27,20.74537871367861,25.12725907507565,2.860042577031975,399812,6050.62
2022-09-28,20.577081977353394,25.487177014945715,2.809671091857574,399812,5997.96
2022-09-29,20.522389875155937,25.91691563535841,2.7725800559965657,399812,5978.72
2022-09-30,20.510717518365187,25.620715441095555,2.723741377891282,399812,5955.47
2022-10-10,20.105851690782,24.977414212001097,2.6309432410581817,399812,5831.16
2022-10-11,20.004544254294284,24.716366871504235,2.612067131368645,399812,5804.28
2022-10-12,20.29079471534349,25.23572724119532,2.673958947025673,399812,5874.76
2022-10-13,20.519314812546337,25.96750355821144,2.670132559758508,399812,5951.31
2022-10-14,21.17901462818616,26.060608857356925,2.753415050166521,399812,6157.0
2022-10-17,21.37353480863925,26.328477217912457,2.750557049289573,399812,6219.52
2022-10-18,21.34345979512885,26.307664465076844,2.7143851514195747,399812,6243.48
2022-10-19,20.936069839365945,25.507006335996653,2.678697193381967,399812,6122.96
2022-10-20,20.85129593084448,25.78074687093673,2.658065888794751,399812,6118.68
2022-10-21,20.71638038926157,25.50979673050469,2.634909386803293,399812,6096.61
2022-10-24,20.09835358537121,24.89743985698091,2.55669003901527,399812,5918.02
2022-10-25,19.88127971771573,24.39255402705099,2.517982167715981,399812,5861.16
2022-10-26,20.5146060853501,25.81077502773683,2.5843428639360466,399812,6064.05
2022-10-27,20.589843953914773,26.27914736753824,2.593819867191466,399812,6054.29
2022-10-28,20.32514351755406,25.472492753723536,2.493055749048164,399812,5889.49
2022-10-31,20.822826454466703,24.947095746800628,2.5077568088962146,399812,5853.45
2022-11-01,21.58197832694956,25.997863827415024,2.598084344375224,399812,6081.46
2022-11-02,21.866712245385933,26.26872449772621,2.6438573116111383,399812,6180.74
2022-11-03,21.730309699710773,25.98759602297889,2.638683797408788,399812,6136.22
2022-11-04,22.18750356671052,26.43264963075999,2.6955827324158363,399812,6282.61
2022-11-07,22.343902974063933,26.54722532319332,2.6760669183536256,399812,6310.37
2022-11-08,22.197829010188144,26.60292983418232,2.6473405858616177,399812,6254.18
2022-11-09,22.137781865442555,26.46252194746896,2.6447307013168047,399812,6237.19
2022-11-10,22.208146299930974,27.436651460186265,2.6697016947227072,399812,6273.19
2022-11-11,22.43453759119388,27.23413465723161,2.728640046555392,399812,6284.41
2022-11-14,22.72176236530693,27.367287467080665,2.7205745565843062,399812,6351.2
2022-11-15,23.02818651526923,27.980952355234844,2.7968772037303893,399812,6428.98
2022-11-16,23.025902237354945,27.837894963955065,2.798183927664168,399812,6433.23
2022-11-17,23.118827361172208,28.212691333106267,2.774047992583453,399812,6458.55
2022-11-18,23.13478830754037,28.083535722476,2.775435157465532,399812,6487.42
2022-11-21,22.93405041540057,28.40163428210441,2.7455397530151626,399812,6408.45
2022-11-22,22.71289043454083,27.58474203100668,2.699193133581259,399812,6303.08
2022-11-23,22.46512099297307,27.189892827566982,2.678639039148005,399812,6214.97
2022-11-24,22.482395497721416,27.131480642582947,2.692529546352495,399812,6209.77
2022-11-25,22.58350327349496,27.587411475863547,2.703296989026623,399812,6220.37
2022-11-28,22.48632799191989,27.47133719540655,2.6510283605299936,399812,6220.99
2022-11-29,23.17335995807329,28.238756383541155,2.752849722456359,399812,6442.46
2022-11-30,23.024627538169376,28.00290202398593,2.733423517871734,399812,6408.33
2022-12-01,23.362854201760168,28.89052441586622,2.8915852916220404,399812,6475.51
2022-12-02,23.37201936460096,28.79502193528156,2.8138359153760133,399812,6491.03
2022-12-05,23.8566724983376,29.07430841391074,2.891695969885003,399812,6578.37
2022-12-06,23.843361707837825,29.025869060467308,3.007902850220996,399812,6587.54
2022-12-07,23.94900107494364,28.95788078299163,3.0327412196647523,399812,6631.9
2022-12-08,23.92956520903264,29.202316376932032,3.043070247844124,399812,6632.38
2022-12-09,24.02929989559692,30.16211372339324,3.0589788292873425,399812,6651.38
2022-12-12,24.83182748186234,30.30180021285293,3.1926514521089704,399812,6645.51
2022-12-13,24.89502047059753,30.14240771373681,3.213413731894548,399812,6680.68
2022-12-14,24.85074469919815,29.75350223161577,3.276431785751672,399812,6715.54
2022-12-15,24.63979605358504,29.673434633363147,3.218052680861633,399812,6633.77
2022-12-16,24.724821323827435,29.831200670463943,3.2032011980304413,399812,6669.19
2022-12-19,24.046251016659305,29.05849573652856,3.117486333172712,399812,6472.04
2022-12-20,23.64097578719598,28.71149429839631,3.030924479145797,399812,6343.92
2022-12-21,23.70676694463515,28.878232951905364,3.071722716109364,399812,6377.99
2022-12-22,23.7210676282167,28.978300487240595,3.0557600799788736,399812,6383.08
2022-12-23,23.75859888441458,29.3609157918169,3.126829969385997,399812,6407.05
2022-12-26,23.663646373503912,28.875832613183007,3.0912938464502258,399812,6412.69
2022-12-27,24.031924794069017,29.44095718453484,3.1782967469834302,399812,6491.56
2022-12-28,24.031751742315635,29.495003871693875,3.2518993171290136,399812,6492.03
2022-12-29,24.078141119772564,30.35428869914817,3.3061378450320467,399812,6532.3
2022-12-30,24.25411016195227,29.996114522576683,3.328081741986684,399812,6581.24
2023-01-03,24.4151215408948,30.48929539636629,3.2809838822062827,399812,6611.04
2023-01-04,24.619966232023096,30.032767265265072,3.303700480900085,399812,6641.29
2023-01-05,24.912452354821426,30.59555919456488,3.2324472048395734,399812,6702.81
2023-01-06,24.736740861844623,30.168431126029432,3.2510682806089326,399812,6625.81
2023-01-09,24.993452230355057,30.668316510879382,3.29720557492146,399812,6696.94
2023-01-10,25.1044202177234,30.450617964195203,3.3394512863884747,399812,6751.76
2023-01-11,25.024771515447235,30.793842678505623,3.298031863167324,399812,6701.18
2023-01-12,24.886154137969488,30.363832796555315,3.238153246658362,399812,6655.95
2023-01-13,25.530872687942068,31.145941843757463,3.2705448582461827,399812,6824.61
2023-01-16,25.778951242535364,31.026559255379944,3.318097086643699,399812,6890.24
2023-01-17,25.580648064111,30.205953251494144,3.260463214711528,399812,6842.87
2023-01-18,25.40921618592392,30.11802768462102,3.244121944597733,399812,6787.95
2023-01-19,25.59858996365081,30.06500457487456,3.2728093696847083,399812,6821.65
2023-01-20,25.67122349768688,30.182304813665283,3.305030398714534,399812,6840.63
2023-01-30,25.6797064289762,29.930079351113307,3.2515979835349045,399812,6828.83
2023-01-31,25.386790047342,29.976359744450107,3.252520966567162,399812,6746.71
2023-02-01,25.645960997982407,30.1053517150314,3.32430757204829,399812,6805.27
2023-02-02,25.64207672020497,30.388399446878864,3.323320995398629,399812,6820.49
2023-02-03,25.405217837039725,30.38250870081236,3.2760988841850893,399812,6767.01
2023-02-06,25.17303310077568,30.26236034550947,3.228855942284861,399812,6701.44
2023-02-07,25.302246775710188,30.56083844982233,3.2999512766573504,399812,6717.86
2023-02-08,25.26314251997485,31.33202720477062,3.335323953612113,399812,6709.13
2023-02-09,25.53377889155434,31.51298313963207,3.323133842242807,399812,6787.2
2023-02-10,25.581455800443543,31.09173196498045,3.34353467861916,399812,6828.98
2023-02-13,25.93626489841917,31.098330738665,3.367264151205364,399812,6934.66
2023-02-14,26.085286337676653,32.194843556882034,3.4182143497264867,399812,6955.72
2023-02-15,25.871933072538383,31.82340337224717,3.345537812986045,399812,6898.31
2023-02-16,25.59816233570478,32.339413044931284,3.2948228482118567,399812,6827.15
2023-02-17,25.62715020551669,32.45510790802636,3.3015996869944324,399812,6839.08
2023-02-20,26.111749863800554,32.5789706997862,3.3744666035051782,399812,6958.67
2023-02-21,26.196365137096983,32.7615508408818,3.403395394024311,399812,6966.96
2023-02-22,26.07582355953713,32.71053706712017,3.401332473692418,399812,6941.97
2023-02-23,26.039654963274,31.719738422112048,3.382512866812336,399812,6928.13
2023-02-24,25.839467046617088,31.831428325180752,3.3837319761368843,399812,6879.95
2023-02-27,25.69595755172595,31.27980759233108,3.345103338625518,399812,6838.35
2023-02-28,25.903583760746965,31.814083412099727,3.3769112040947498,399812,6896.33
2023-03-01,26.107241402582133,32.35203548853521,3.384531105808559,399812,6932.44
2023-03-02,25.97535130500742,32.00381447738325,3.349329879264792,399812,6898.02
2023-03-03,25.91809523078231,31.97080641921637,3.3703407628413933,399812,6896.47
2023-03-06,25.99168762342058,32.151519669587195,3.412911097444796,399812,6940.29
2023-03-07,25.511445493936204,31.47735781689316,3.330151141803181,399812,6801.68
2023-03-08,25.444674718247946,31.70246611085407,3.3398141758443067,399812,6786.02
2023-03-09,25.32037571972701,31.12092494931658,3.308107010350564,399812,6746.82
2023-03-10,25.077049195582337,30.65527762968724,3.2477746510075223,399812,6684.88
2023-03-13,25.31698909727875,30.6448787798194,3.3543903737183243,399812,6748.21
2023-03-14,24.99533708641275,30.41181952192565,3.287429901159,399812,6662.52
2023-03-15,25.114584530140952,30.6719796054409,3.302800591190124,399812,6680.07
2023-03-16,25.131037160347923,30.45651809030307,3.25975761602854,399812,6638.54
2023-03-17,25.04306991635488,30.413185667382383,3.272651576232553,399812,6607.02
2023-03-20,24.85070365913331,30.499657734598625,3.1731957342212294,399812,6538.07
2023-03-21,25.398719252502417,31.015194262189794,3.237110904638237,399812,6663.46
2023-03-22,25.40476029371256,31.30902503624925,3.2153524817611663,399812,6666.17
2023-03-23,25.43989818414086,31.306457807697125,3.2341135192639934,399812,6663.42
2023-03-24,25.129056130594627,31.51532473299594,3.216014559646166,399812,6649.55
2023-03-27,25.11547961389703,31.780404948505947,3.209561947192364,399812,6675.28
2023-03-28,25.165007269273698,32.448888621300995,3.2480574949171555,399812,6703.84
2023-03-29,25.09556501871371,32.70241716508171,3.2050934668827886,399812,6709.87
2023-03-30,25.26263083793196,33.96647864916898,3.2131126787604165,399812,6769.29
2023-03-31,25.389570016578745,32.77353212287156,3.305769218004302,399812,6821.79
2023-04-03,25.29821255469092,32.75553752104669,3.273558714519023,399812,6785.47
2023-04-04,25.33600638269256,32.73833732838701,3.329609051392985,399812,6797.46
2023-04-06,25.38112366073564,33.78435852984697,3.3087193981515632,399812,6816.28
2023-04-07,25.62195517244461,33.60769133734529,3.3413725107238514,399812,6884.82
2023-04-10,25.51433872206898,33.32056035521775,3.3186748394186,399812,6832.73
2023-04-11,25.58055362719279,33.362446221874414,3.2597324151951623,399812,6846.32
2023-04-12,25.55524807012257,33.255502817566125,3.2374278775421974,399812,6822.71
2023-04-13,25.598666444074595,33.455542057233714,3.2399733356045672,399812,6868.7
2023-04-14,25.42023480730937,32.50249126993019,3.2163759579236046,399812,6801.12
2023-04-17,25.62472557967465,32.48195215526974,3.20710646987468,399812,6841.61
2023-04-18,25.85800486332553,33.339876880123064,3.250500066159064,399812,6861.76
2023-04-19,25.701048048904983,32.77131784414553,3.2092256031668818,399812,6812.47
2023-04-20,25.815834416108,33.204000634264474,3.126362228245753,399812,6765.54
2023-04-21,25.477070027682007,33.295340495137054,3.0945725580417105,399812,6637.49
2023-04-24,25.69659536344101,32.9343392017024,3.034709710434531,399812,6599.58
2023-04-25,25.57583171718281,32.55732103787015,3.011157418312478,399812,6544.98
2023-04-26,25.21711707902156,32.34354787281884,2.999592905259324,399812,6546.23
2023-04-27,26.08457559169434,34.17497941929062,3.013849618873776,399812,6680.82
2023-04-28,26.73711826772429,33.223672470865566,3.0764436769172647,399812,6747.03
2023-05-04,27.234855517272,32.6253935579974,3.1138515338898207,399812,6831.28
2023-05-05,26.813035595867856,32.411002489076,3.1028403098346686,399812,6742.53
2023-05-08,26.870848689686493,33.00609948265955,3.127772711008459,399812,6746.07
2023-05-09,26.484953549206235,32.33860277615031,3.08981545486654,399812,6681.17
2023-05-10,26.389718865151927,32.0548820716158,3.092316557016206,399812,6665.14
2023-05-11,26.358146289855096,32.38852128977108,3.1010874169303646,399812,6671.49
2023-05-12,26.23792793046073,32.58692529998462,3.0940458084344966,399812,6626.4
2023-05-15,26.49290721537561,33.46614477649399,3.098415057625832,399812,6667.09
2023-05-16,26.35558626474015,33.49789238383575,3.046713628136203,399812,6618.69
2023-05-17,26.151994383211463,33.34029479215086,3.029693384325231,399812,6584.74
2023-05-18,26.112069845877382,33.3690054399919,3.0361790744277464,399812,6572.6
2023-05-19,26.30036012385064,33.88124614542092,3.049491104337691,399812,6615.29
2023-05-22,26.570998317270423,33.747063615707106,3.1384932330314963,399812,6677.25
2023-05-23,26.30514614953721,33.45835163344267,3.0900478886559,399812,6617.49
2023-05-24,25.88293184148573,32.81584743213074,3.0349630604604907,399812,6516.85
2023-05-25,25.72408637666252,32.60414950135631,2.9748352110333096,399812,6476.65
2023-05-26,25.90004043533831,34.383021519292186,2.997256285585782,399812,6522.55
2023-05-29,25.77781655311447,33.48426886807211,2.980668740688491,399812,6485.31
2023-05-30,25.605660991799017,33.05017454838746,2.975926273735131,399812,6446.57
2023-05-31,25.340689075460848,32.334514647363946,2.989860515070905,399812,6403.07
2023-06-01,25.37124980104052,32.291515773186724,2.9658988502715493,399812,6420.31
2023-06-02,25.68472101272205,32.51477628992876,3.032623777897607,399812,6480.49
2023-06-05,25.6964911805612,32.79834654312356,3.045229385791972,399812,6496.89
2023-06-06,25.47944199911753,32.93690999283467,3.021215596270508,399812,6422.39
2023-06-07,25.347339901188693,32.96776110619312,3.041468456555047,399812,6415.81
2023-06-08,25.296583025802924,32.2660347033284,3.0702791205321427,399812,6395.55
2023-06-09,25.379464795145942,32.99485129402374,3.0739208766936947,399812,6418.07
2023-06-12,25.140350482307035,30.634394942153392,3.1568250991985254,399812,6465.56
2023-06-13,25.03129053608571,30.504598814311176,3.1556768007350326,399812,6449.35
2023-06-14,25.12381905144031,30.53072327748857,3.226012713757333,399812,6503.59
2023-06-15,25.29332408161901,31.35848963081807,3.241337580109696,399812,6556.67
2023-06-16,25.160531055016364,31.322840882925696,3.196344628589333,399812,6525.5
2023-06-19,24.982728609692177,29.874738989681525,3.227366290086826,399812,6472.36
2023-06-20,24.82265713681187,29.800231843906616,3.175720689223519,399812,6417.96
2023-06-21,24.503353854198625,29.977107900231005,3.161390178990457,399812,6337.66
2023-06-26,24.179648181544195,29.29264115236585,3.102252549882183,399812,6242.19
2023-06-27,24.582431476054705,29.66860136831824,3.220654154918221,399812,6344.17
2023-06-28,24.56424458016104,30.22853038758836,3.192258314548085,399812,6322.04
2023-06-29,24.59619586114593,29.78892673150125,3.249284121704925,399812,6320.91
2023-06-30,24.673981480560887,29.53894408310272,3.2644792002095846,399812,6337.96
2023-07-03,25.01612676592832,30.27414397526895,3.244927395257013,399812,6432.99
2023-07-04,25.446574695587884,30.72347394553587,3.2176379460344577,399812,6414.41
2023-07-05,24.712371837165165,30.1387923263189,3.21189234643934,399812,6363.71
2023-07-06,24.45505681185518,29.32441808977186,3.135464746381405,399812,6288.15
2023-07-07,24.531344644247188,29.25853544199624,3.1575181754243324,399812,6312.07
2023-07-10,24.49480808617436,28.988160021936004,3.170381109774957,399812,6336.72
2023-07-11,24.67311687777554,28.824056760582707,3.162177364552476,399812,6369.85
2023-07-12,24.61415461036644,29.19270978899478,3.2077161833146706,399812,6346.92
2023-07-13,24.881791678525687,29.577350144697,3.1947547575495383,399812,6410.94
2023-07-14,24.72505519750383,29.309417946517257,3.1710692317496214,399812,6357.93
2023-07-17,24.57150784280699,29.226831632963417,3.15852855907942,399812,6318.52
2023-07-18,24.467374475607528,29.05950222703224,3.1234386404589563,399812,6307.5
2023-07-19,24.554604630977103,29.031879874988263,3.14260369474715,399812,6329.6
2023-07-20,24.397149739366704,28.87844790003113,3.1126875222447445,399812,6318.33
2023-07-21,24.47667992551068,29.170603315004847,3.134221729881441,399812,6344.13
2023-07-24,24.41552977486509,29.43113801890247,3.127401437278025,399812,6334.57
2023-07-25,24.90207607973863,29.896620408957368,3.174529652325507,399812,6427.0
2023-07-26,24.88066509943044,29.889834202780285,3.1941931131931165,399812,6434.06
2023-07-27,24.78874024783661,30.19627585473563,3.1945903253608026,399812,6415.16
2023-07-28,25.24275541271467,30.598880971163503,3.222572003206452,399812,6512.66
2023-07-31,25.200813013576514,29.83215801980381,3.2211221234834264,399812,6520.46
2023-08-01,25.01383410156229,29.520003786005496,3.1726673096039244,399812,6470.81
2023-08-02,24.79605908263545,29.6432420836415,3.1521359586134152,399812,6429.86
2023-08-03,25.06032487246921,30.74833874897821,3.1621537071382555,399812,6491.23
2023-08-04,24.9138636642508,30.46672523554282,3.1603759401616256,399812,6468.32
2023-08-07,24.476975167706872,30.133880082034487,3.1133461432031644,399812,6366.21
2023-08-08,24.56620714771509,30.15915004149918,3.1505878809430583,399812,6387.22
2023-08-09,24.53732731746641,30.169226172983603,3.139966640924386,399812,6366.01
2023-08-10,24.441916808088006,29.88618883365456,3.102993543397473,399812,6358.0
2023-08-11,24.0609560673266,29.29314699406605,3.038373369167129,399812,6260.77
2023-08-14,24.137002535998377,29.208870189445705,3.057231192280629,399812,6285.87
2023-08-15,24.155919375804004,29.553239093753355,3.095208817974137,399812,6267.62
2023-08-16,23.920630244120417,29.46787601583921,3.05346229784943,399812,6212.14
2023-08-17,23.98518171448252,29.19063565553396,3.0731256577415875,399812,6247.49
2023-08-18,23.564178139417137,29.103119557919754,3.0091676857374896,399812,6131.63
2023-08-21,23.203151262260068,28.203508004609773,2.9385539800427614,399812,6050.46
2023-08-22,23.294661358423983,28.57671235917021,2.8395004346427983,399812,6036.75
2023-08-23,22.61136775500942,28.371117896914647,2.765449163747751,399812,5949.27
2023-08-24,22.91472322906381,29.04658053629041,2.746171670306566,399812,6009.78
2023-08-25,22.694717141847004,28.99413242461791,2.7012998027248805,399812,5935.09
2023-08-28,22.41782900240241,28.839386492322028,2.7566492597386816,399812,5954.21
2023-08-29,23.12753982826062,30.019324083523458,2.7790555408367545,399812,6066.63
2023-08-30,23.118023818991023,29.40106775399877,2.811283587965064,399812,6059.44
2023-08-31,22.966424703356257,27.629187455322487,2.783986392430424,399812,6051.03
2023-09-01,23.162033747776867,27.583949584324955,2.7870979897261936,399812,6108.23
2023-09-04,23.32465455190038,27.80014275049023,2.8244892224145417,399812,6154.29
2023-09-05,23.069963454323148,27.84341639721173,2.822530187267259,399812,6099.92
2023-09-06,22.957509208478783,27.553160019261,2.7971248759860545,399812,6059.29
2023-09-07,22.67767960994769,27.03244588952716,2.755987349763422,399812,5987.25
2023-09-08,22.65807574262495,26.833366304931648,2.738498053623064,399812,5981.65
2023-09-11,23.00247699625706,27.770693641917603,2.778588144015986,399812,6071.04
2023-09-12,22.942827277726607,27.945112318746624,2.77095825130751,399812,6058.33
2023-09-13,22.78303478021733,27.70743817524834,2.734812887681249,399812,6013.47
2023-09-14,22.749145165186068,28.136946197462628,2.741267428584187,399812,5994.29
2023-09-15,22.93397753860939,28.445333463527533,2.778258879393759,399812,6053.41
2023-09-18,23.155148169586177,28.38700837553954,2.7688613141190395,399812,6121.98
2023-09-19,23.06334857429192,28.197709699416023,2.7516064723829325,399812,6095.87
2023-09-20,22.95045253235605,27.8886997693482,2.7372919008687786,399812,6047.99
2023-09-21,22.722981717077776,27.68464000476281,2.707348576726524,399812,5986.22
2023-09-22,22.98797213751582,27.7045993710092,2.7636709760290668,399812,6054.22
2023-09-25,23.01139679166801,28.050884914705804,2.776657993744052,399812,6063.38
2023-09-26,22.911115750458105,28.82342328678812,2.7640359384392044,399812,6040.48
2023-09-27,23.03710851020912,29.08924140479508,2.773103335808125,399812,6073.42
2023-09-28,22.96824965731437,29.155981172169064,2.803597104309988,399812,6059.67
2023-10-09,22.689137459167974,29.055924405179592,2.805334665333348,399812,5966.64
2023-10-10,22.44486422090947,28.36429424986836,2.803130261030537,399812,5912.12
2023-10-11,22.56140981192761,28.484515105503924,2.841739052205198,399812,5948.84
2023-10-12,22.65782240716282,28.35352844141063,2.8280018935829263,399812,5972.9
2023-10-13,22.605982728024475,28.41657045908579,2.81167662100224,399812,5959.15
2023-10-16,22.43117604119924,28.058785887584897,2.760024060951785,399812,5905.42
2023-10-17,22.404941451463543,27.791058397341462,2.774090848672019,399812,5901.66
2023-10-18,22.00596719068027,27.142812447896368,2.7210568602646426,399812,5808.52
2023-10-19,21.67155931863732,27.00610837459273,2.7059170092221905,399812,5727.09
2023-10-20,21.47558802529716,26.527883757022067,2.617827399939804,399812,5682.41
2023-10-23,21.136043997251424,26.17433528836884,2.610134554368713,399812,5590.27
2023-10-24,21.46887980491669,26.615996854796784,2.688350426369695,399812,5692.22
2023-10-25,21.4608110272918,25.821937876306688,2.6954807574493023,399812,5713.71
2023-10-26,21.5992393410107,26.813798519444177,2.709473474171892,399812,5749.56
2023-10-27,22.30043946745526,28.525457127412672,2.857032167881876,399812,5952.02
2023-10-30,22.179717523625545,27.38978969428252,2.838239187908417,399812,5983.81
2023-10-31,22.123741582268185,26.798580769552,2.7398035803769982,399812,5972.74
2023-11-01,22.106022915548348,26.709949041543503,2.740975839569752,399812,5960.98
2023-11-02,21.926576906122207,26.327134706090952,2.7060983201193967,399812,5910.65
2023-11-03,22.031731209409607,26.53855792632092,2.71660002520438,399812,5939.23
2023-11-06,22.29785155553071,26.70213211583099,2.7368097960486697,399812,6019.47
2023-11-07,22.13521932503012,26.49964009669713,2.730357914341244,399812,5979.86
2023-11-08,22.22577304437026,26.88724576726785,2.7592364455365086,399812,6023.29
2023-11-09,22.099198035141253,26.86486919849761,2.750683885941449,399812,5986.6
2023-11-10,22.011148381664977,27.106919627214747,2.7014948560386163,399812,5973.19
2023-11-13,21.984874058426005,27.213569402716622,2.698298694230325,399812,5978.2
2023-11-14,22.014540889470823,27.00881330073872,2.700120545527472,399812,5982.92
2023-11-15,22.193136924672448,26.9374004988594,2.815204646798535,399812,6038.09
2023-11-16,22.060808811710068,27.091206230941825,2.7463159355279423,399812,6004.18
2023-11-17,22.196291001926337,27.369556335062573,2.7929732794284163,399812,6061.32
2023-11-20,22.37083599181992,27.295144850566498,2.814223158828633,399812,6109.38
2023-11-21,22.48243238732334,27.31145994013647,2.824386144628736,399812,6134.05
2023-11-22,22.33189365486566,26.994360396847423,2.8604185488291027,399812,6080.52
2023-11-23,22.439551435835423,27.42879779899128,2.872429350229225,399812,6108.15
2023-11-24,22.47362381498024,27.132590479347744,2.8691956729291923,399812,6122.27
2023-11-27,22.241026028799432,26.67840592256099,2.8498630140226915,399812,6064.45
2023-11-28,22.43141895680785,26.89562462363292,2.862466056649658,399812,6139.46
2023-11-29,22.25903939962979,26.73764738648969,2.8167800271269057,399812,6104.89
2023-11-30,22.368364994223263,26.730119323114224,2.807327745156681,399812,6155.09
2023-12-01,22.40778347702529,26.89139758765558,2.8278076894255006,399812,6174.66
2023-12-04,22.267030534548248,26.63896204315607,2.7983196406766795,399812,6129.34
2023-12-05,21.963826896721045,26.63480814744579,2.7467295137983427,399812,6071.47
2023-12-06,21.9989527126104,26.65865876791809,2.7645192127219067,399812,6099.79
2023-12-07,21.932499222502653,26.596304149516943,2.8526995448999783,399812,6018.38
2023-12-08,21.89387216324595,27.868014830361112,2.860565829487006,399812,6015.95
2023-12-11,21.76370325813365,27.64343730466331,2.883818199954152,399812,6055.2
2023-12-12,21.83031614578437,27.60284627666184,2.8463450293285257,399812,6074.1
2023-12-13,21.59430607004517,27.79778457704414,2.806490340143992,399812,6002.03
2023-12-14,21.53057981247083,27.52013313965,2.864616253137034,399812,5993.61
2023-12-15,21.39613914136412,27.03330403075952,2.8744944908947336,399812,5961.53
2023-12-18,21.264834177508185,27.52356071006956,2.8290488796182114,399812,5914.15
2023-12-19,21.179009998037028,27.067487158747724,2.848441548022704,399812,5896.94
2023-12-20,20.924199662022403,26.983125861980504,2.781437747412693,399812,5820.51
2023-12-21,21.111436433318584,27.288013768015347,2.812085059001486,399812,5864.41
2023-12-22,20.922106007107192,26.842581207004216,2.7493585626692094,399812,5790.77
2023-12-25,20.898021052862305,27.29938282723998,2.7464978629963746,399812,5781.43
2023-12-26,20.695922109608023,27.31909687662333,2.711377919988507,399812,5717.68
2023-12-27,20.767076858772903,27.6409202747816,2.7172972494816143,399812,5747.63
2023-12-28,21.163906447806344,27.67516363119139,2.792144855732718,399812,5845.79
2023-12-29,21.29042118724991,28.231197365005727,2.7888225244300844,399812,5882.2
2024-01-02,21.22595158089353,28.53716191227125,2.7889119463015035,399812,5859.06
2024-01-03,21.24326589523128,28.23403443214915,2.781322263543439,399812,5868.95
2024-01-04,21.11315047387052,28.03574235515393,2.755857540526492,399812,5829.26
2024-01-05,20.917593966193508,27.7637421832349,2.7461627355878573,399812,5757.04
2024-01-08,20.561832317726992,27.479781755729185,2.695332841928245,399812,5663.07
2024-01-09,20.677796369564888,27.970021968902287,2.745163414172372,399812,5707.05
2024-01-10,20.611350184050963,28.183174826181983,2.7320679764959435,399812,5689.3
2024-01-11,20.67286888697473,27.81297773467802,2.718919531863369,399812,5719.33
2024-01-12,20.52101288680327,27.68008232565532,2.787603702279191,399812,5673.43
2024-01-15,20.56902705359954,27.216732900242658,2.809485359349557,399812,5686.29
2024-01-16,20.639373823628663,27.464950550537854,2.7941074915770434,399812,5704.4
2024-01-17,20.239763491684084,26.8556091439836,2.7816366832183586,399812,5572.02
2024-01-18,20.186548691402944,26.457654373149182,2.774765170483146,399812,5549.26
2024-01-19,20.181716641861296,26.539781516457865,2.820171573092905,399812,5554.17
2024-01-22,19.358881821103804,24.63374429960279,2.652430446828782,399812,5301.58
2024-01-23,19.479466201871656,25.0809282555196,2.6716573546004287,399812,5335.21
2024-01-24,19.882381643577325,25.4821588361663,2.7293485728216105,399812,5438.13
2024-01-25,20.430702717368384,26.07584021865708,2.8220311063581995,399812,5581.87
2024-01-26,20.37721107876136,26.077026972483903,2.779060089765536,399812,5564.36
2024-01-29,20.16739931708552,25.70323451816257,2.7009264505191704,399812,5483.01
2024-01-30,19.61099813645306,24.87779666923412,2.5876616609444536,399812,5327.49
2024-01-31,19.178614503259205,23.59611721756096,2.475548276240416,399812,5180.52
2024-02-01,19.12078337845738,23.560818845142805,2.4371801555826647,399812,5159.26
2024-02-02,18.74452814744989,23.1048897046393,2.391311155934372,399812,5060.52
2024-02-05,18.46873963357814,21.789054718728703,2.24266704117853,399812,4951.11
2024-02-06,19.56287728374985,22.685429806305013,2.3892135504496137,399812,5238.56
2024-02-07,20.135520417252703,23.02566059701344,2.443138071473351,399812,5397.21
2024-02-08,20.42498945663002,24.010807796672253,2.515109595871433,399812,5480.11
2024-02-19,20.49073854419677,24.46959634993324,2.570663272433291,399812,5488.33
2024-02-20,20.529363014891945,24.6805095032634,2.5911689576278345,399812,5504.06
2024-02-21,20.6779615914732,24.505830377839423,2.604641073110618,399812,5536.15
2024-02-22,20.765778731214933,24.6977200084727,2.579645853747161,399812,5565.38
2024-02-23,20.822654269275723,25.057965714234463,2.5808245552966302,399812,5583.03
2024-02-26,20.859154322242524,26.42101553718473,2.6342331453131567,399812,5610.17
2024-02-27,21.047705962715234,26.420642647424486,2.661430958862552,399812,5670.12
2024-02-28,20.61001738019652,25.40238002870087,2.540280413875996,399812,5536.58
2024-02-29,21.02739865138124,25.892214218900413,2.594867705441992,399812,5656.38
2024-03-01,21.04757783577444,25.79056735958683,2.5978670859283213,399812,5658.27
2024-03-04,21.11435560415579,26.250238707806613,2.5855631481586308,399812,5681.11
2024-03-05,21.076737831986065,26.055909662083792,2.627138078034447,399812,5659.39
2024-03-06,20.99653669206913,26.29764582286666,2.620310402459824,399812,5639.13
2024-03-07,20.76044353133037,25.63650888530139,2.6671137502101745,399812,5572.13
2024-03-08,20.81465680771512,25.78386020487677,2.5929750743542206,399812,5577.6
2024-03-11,21.12043887125349,26.15798630369907,2.6253572771427525,399812,5668.14
2024-03-12,21.369449612761294,26.48884810565809,2.6343518936369072,399812,5756.11
2024-03-13,21.14689687576443,26.024520085861298,2.642112585533701,399812,5717.36
2024-03-14,21.19617020100296,27.72277809653253,2.634099519698422,399812,5734.56
2024-03-15,21.36453311167511,28.171233922411183,2.6649885674732205,399812,5778.37
2024-03-18,21.451078176798006,28.067022932974872,2.802056391123971,399812,5802.89
2024-03-19,21.24105863680727,27.218328909919364,2.757434650099869,399812,5732.11
2024-03-20,21.271755305804724,26.89465610247224,2.795912242992914,399812,5751.57
2024-03-21,21.20809947173233,26.72956878363992,2.763314441279154,399812,5736.84
2024-03-22,21.77710688694645,26.520989590631427,2.7260592542903708,399812,5671.38
2024-03-25,21.725904927954087,26.893193567969487,2.673840361701672,399812,5585.95
2024-03-26,21.73183667660692,27.14079706404257,2.660910524774774,399812,5589.49
2024-03-27,21.651853468016025,27.26708576494797,2.596322185714714,399812,5533.01
2024-03-28,22.08503793039042,26.58831347592819,2.622451933127325,399812,5576.2
2024-03-29,22.09100945270486,26.079460010810063,2.64233958261773,399812,5598.81
2024-04-01,22.493361956174454,25.98197336961189,2.6869977090464383,399812,5694.28
2024-04-02,22.28966308550939,25.85472724325695,2.640857921816232,399812,5644.98
2024-04-03,22.19273544020075,25.558348086760446,2.643851262418845,399812,5646.92
2024-04-08,21.82805550903183,24.68472095287269,2.609915026288297,399812,5556.77
2024-04-09,22.062313334275142,24.98252934460646,2.6396066187622207,399812,5619.76
2024-04-10,21.76342781769795,24.21110925504128,2.597044081508415,399812,5553.48
2024-04-11,21.810928288067142,24.149439490988108,2.56219155122196,399812,5570.1
2024-04-12,21.725431368886607,23.819307692328582,2.531124811636388,399812,5567.06
2024-04-15,22.24141990103888,24.65999293294997,2.552078370398581,399812,5555.57
2024-04-16,21.84685714195353,24.12614963686818,2.5238635182803537,399812,5418.34
2024-04-17,22.34016686547628,24.572140838105327,2.564556995251082,399812,5553.98
2024-04-18,22.510520454411694,25.04005002131838,2.5845652763576465,399812,5597.08
2024-04-19,22.40820462174492,24.60194861469933,2.5554707497101186,399812,5570.38
2024-04-22,22.346875046781747,24.553144521364217,2.583575362299384,399812,5589.2
2024-04-23,22.112614047950803,24.236251249135503,2.595354163732948,399812,5561.62
2024-04-24,22.238336909867765,24.41194525880647,2.57240585104433,399812,5590.36
2024-04-25,22.216515487151337,24.03716937147402,2.517481588284518,399812,5613.72
2024-04-26,22.51394350750168,24.433762369046885,2.48329955591883,399812,5658.52
2024-04-29,22.9131774844411,26.255351385120107,2.503304655175125,399812,5781.63
2024-04-30,22.86379836218568,25.98634669808616,2.5020907858053203,399812,5776.59
2024-05-06,23.39531655575813,26.80598728676957,2.5676469597080875,399812,5897.93
2024-05-07,23.34870189405473,26.427926984684923,2.557716400020136,399812,5884.31
2024-05-08,23.09104214938764,26.269398211459617,2.5530877329416795,399812,5823.56
2024-05-09,23.34183466307355,26.464220152534395,2.593690931715277,399812,5880.45
2024-05-10,23.361728495858948,26.696416717597582,2.5819205606469806,399812,5886.43
2024-05-13,23.477048815147967,27.03792785340121,2.5999156269261325,399812,5901.25
2024-05-14,23.630078644028096,27.08444110020394,2.665792369523316,399812,5941.91
2024-05-15,23.42279685587575,26.39596595053044,2.630573080624196,399812,5892.03
2024-05-16,23.360765864358104,26.433335648605382,2.616895375298547,399812,5874.0
2024-05-17,23.391550354749626,26.354883189472623,2.621376489905312,399812,5875.56
2024-05-20,23.53565908005184,26.55627013421262,2.614402287823257,399812,5906.07
2024-05-21,23.43727316321878,26.56071658373343,2.594834837610389,399812,5881.69
2024-05-22,23.250091810277656,26.00697392371479,2.572279020284556,399812,5831.05
2024-05-23,22.87166782761878,25.49014881665186,2.515027012218317,399812,5733.53
2024-05-24,22.66864792456618,25.377175941151123,2.4955486800763147,399812,5674.23
2024-05-27,22.81145794063243,25.395825583707044,2.5556881205742643,399812,5700.04
2024-05-28,22.509513809390075,24.93312003412263,2.523929767346204,399812,5622.6
2024-05-29,22.481520690583253,24.9095937373879,2.510564370274309,399812,5613.25
2024-05-30,22.33902637663944,24.96904550770003,2.490705239709701,399812,5587.75
2024-05-31,22.36459054016055,25.059271472335368,2.519754124870836,399812,5608.15
2024-06-03,22.284143399601408,25.70561942419248,2.512092970830668,399812,5601.94
2024-06-04,22.492758399357925,25.443511216575693,2.563557599725222,399812,5645.04
2024-06-05,22.18557246554155,24.646409545171327,2.53608537036317,399812,5580.49
2024-06-06,21.8968736517092,24.267798362369263,2.525582724539143,399812,5495.56
2024-06-07,21.85776050528242,23.7799541183171,2.5389376717119423,399812,5492.81
2024-06-11,21.78120921089464,23.681715089589083,2.524110163108292,399812,5478.45
2024-06-12,21.80807949673472,24.56172102958572,2.521750568741786,399812,5486.29
2024-06-13,21.514357912843217,24.739707524661576,2.453830247166008,399812,5414.65
2024-06-14,21.51806466217925,23.719895499475182,2.4788930000471225,399812,5416.16
2024-06-17,22.164228305428903,24.257607835751006,2.502088136542454,399812,5387.63
2024-06-18,22.08631101461773,24.38465405343465,2.5038158375329225,399812,5380.86
2024-06-19,21.8490036585381,23.86552011139268,2.458384498848339,399812,5324.1
2024-06-20,21.407722733853497,23.62372752557397,2.429425539110956,399812,5211.05
2024-06-21,21.396754271539297,23.532615248227987,2.4223035725116704,399812,5213.81
2024-06-24,20.958619435877058,23.05303704242746,2.390433554067043,399812,5089.88
2024-06-25,20.97715495271304,23.241704206853044,2.411648338383928,399812,5098.34
2024-06-26,21.300558352228524,23.57039190362841,2.456077890868026,399812,5183.02
2024-06-27,20.933581829571168,23.256523365195072,2.401622330178009,399812,5084.27
2024-06-28,20.732286169378355,22.919937089898944,2.369914175004842,399812,5041.05
2024-07-01,20.99864614379208,22.968490094275545,2.403111900219626,399812,5096.87
2024-07-02,20.783252463719226,22.64764617459278,2.4151509675994363,399812,5059.01
2024-07-03,20.70404323382164,22.354430795507195,2.379020308031754,399812,5044.64
2024-07-04,20.31073877932626,22.146305838900105,2.3276352236292235,399812,4940.28
2024-07-05,20.573146754525443,22.32391157345824,2.393745998991574,399812,5009.86
2024-07-08,20.13406203890641,21.729072600666505,2.345347830989274,399812,4894.15
2024-07-09,20.238282026314227,21.82557804816092,2.362729511191501,399812,4918.87
2024-07-10,20.18702905778052,21.693327297876564,2.3589990562348446,399812,4905.34
2024-07-11,20.591993990439576,22.32732224247043,2.407625350595696,399812,5019.98
2024-07-12,20.571501808140155,22.15303940246189,2.450434125542702,399812,5023.35
2024-07-15,20.460711847275554,21.812745235960733,2.405463662458991,399812,4984.87
2024-07-16,20.377281686257668,21.77919239014775,2.4197503561531413,399812,4972.34
2024-07-17,20.59612981646193,22.03149295212972,2.4090730655417705,399812,5024.9
2024-07-18,20.75442912401423,22.010109607888182,2.396335909081059,399812,5066.44
2024-07-19,20.7719589670948,22.24870361952417,2.432764842632332,399812,5072.1
2024-07-22,20.698252779936777,22.18576001468672,2.441780121701812,399812,5059.8
2024-07-23,20.1204042396001,21.418436945739018,2.371251018555565,399812,4926.82
2024-07-24,19.835169567508903,21.40529609775768,2.322327921220234,399812,4854.01
2024-07-25,19.884468766447966,21.320086108568525,2.324066191935288,399812,4864.72
2024-07-26,20.03488010146444,21.506252586033327,2.354801952092502,399812,4902.77
2024-07-29,19.7761574209681,21.186612355299257,2.3303980242129847,399812,4850.55
2024-07-30,19.665439938419897,20.840827362956936,2.291022144431776,399812,4836.19
2024-07-31,20.48975132082752,21.85586778801123,2.37404977620672,399812,5041.89
2024-08-01,20.229314543723245,21.91724252016857,2.3474263640256305,399812,4995.56
2024-08-02,20.185201846081384,21.72373790876903,2.374968087659917,399812,4986.8
2024-08-05,20.0824707423252,21.15415307479017,2.362376775232889,399812,4957.81
2024-08-06,20.30454800075437,21.527879559931463,2.381078778596014,399812,5005.58
2024-08-07,20.18095123532905,21.72942697599172,2.377126951437316,399812,4976.84
2024-08-08,20.359996043168746,22.0687842607072,2.431987737850023,399812,5029.18
2024-08-09,20.03497792394028,21.78146047750616,2.362469346189196,399812,4945.79
2024-08-12,20.10456560103996,21.53634036076045,2.389862115471437,399812,4947.47
2024-08-13,20.0310365348978,21.41232808328716,2.392350570879792,399812,4933.09
2024-08-14,19.804790351827904,21.21541270623681,2.3656648624129595,399812,4884.75
2024-08-15,19.913668974379675,21.699068035610328,2.3669887366023943,399812,4917.67
2024-08-16,19.91145678457932,21.749044148134228,2.412126948625926,399812,4901.84
2024-08-19,19.955013584779216,21.51593847396254,2.419228269765049,399812,4899.88
2024-08-20,19.68977826040892,21.24073087529589,2.3912538703109263,399812,4842.76
2024-08-21,19.56536255633645,21.312721473159275,2.3363464351250167,399812,4815.04
2024-08-22,19.35381343032499,20.962421255015208,2.3018142328380886,399812,4764.81
2024-08-23,19.42655847069178,20.969190789814483,2.2976724093950605,399812,4794.81
2024-08-26,19.608573192976493,21.57436278005637,2.294916021705065,399812,4773.61
2024-08-27,19.46053487304899,21.27741832921804,2.265465191455484,399812,4742.84
2024-08-28,19.600110215397805,21.53060405873444,2.2668257263768634,399812,4754.22
2024-08-29,19.8825824115874,21.733491672566,2.2632630150879764,399812,4790.84
2024-08-30,19.904641877140666,21.869826358091,2.260548239829051,399812,4867.33
2024-09-02,19.485127679486464,21.84256179470281,2.1829879541517894,399812,4778.77
2024-09-03,19.661786948637268,22.16085341282475,2.2161115378902325,399812,4821.39
2024-09-04,19.624134245568605,21.73347625132864,2.2242695707137043,399812,4815.22
2024-09-05,19.88679641957352,21.93905796581397,2.247842634007037,399812,4888.53
2024-09-06,19.62076298063035,21.732528377341268,2.211632727564215,399812,4835.48
2024-09-09,19.446326399466344,21.56616828966085,2.173919508431503,399812,4812.08
2024-09-10,19.319803404723515,21.45723886325938,2.152976754201125,399812,4775.32
2024-09-11,19.308111294062872,21.281815881318785,2.173425930889335,399812,4775.51
2024-09-12,19.12371188332474,20.93851385377228,2.142922396059991,399812,4746.08
2024-09-13,18.98323286501796,20.89130689442461,2.1077129826933896,399812,4730.98
2024-09-18,19.027294666781536,20.81515869714546,2.1026370569492667,399812,4719.82
2024-09-19,19.36338199451301,21.236715277292006,2.130096766086295,399812,4786.53
2024-09-20,19.25929362649424,21.196013039143693,2.1280295667250613,399812,4761.28
2024-09-23,19.1647786062224,21.078028689466137,2.128289152451104,399812,4735.53
2024-09-24,19.88675679372541,21.91972819864904,2.200583728759872,399812,4907.37
2024-09-25,20.02031231296637,22.15111939328644,2.232610759513549,399812,4972.9
2024-09-26,21.067325892453564,23.01348702650333,2.300799235771968,399812,5221.87
2024-09-27,22.14142749864353,23.89142931524176,2.4035059194208745,399812,5479.95
2024-09-30,24.28065901122838,26.14030150514102,2.644550348505576,399812,6009.5
2024-10-08,25.36654859364775,28.45129312210032,2.773370673814359,399812,6312.34
2024-10-09,23.256414420369023,25.82086080940443,2.569932796547415,399812,5766.93
2024-10-10,23.436248084929485,25.442919931454767,2.5766078748339822,399812,5793.03
2024-10-11,22.766499719228623,24.28094708206373,2.506943595478046,399812,5615.61
2024-10-14,23.001564937382888,24.412348831748808,2.530850431499037,399812,5687.12
2024-10-15,22.400562674938897,24.04824561607935,2.4637463223745675,399812,5563.38
2024-10-16,22.333594013807627,24.09267896239799,2.501927297119587,399812,5528.06
2024-10-17,22.083510078546368,23.708486803715463,2.45424321052476,399812,5479.19
2024-10-18,22.682603804389835,24.299012211270664,2.543239786229986,399812,5645.7
2024-10-21,22.804225082076368,24.83988202506076,2.5412260784070453,399812,5699.27
2024-10-22,22.90520027166208,24.8935490031396,2.589887931136748,399812,5782.95
2024-10-23,22.923597279966216,24.905650104089283,2.6051216990158057,399812,5805.57
2024-10-24,22.65297955567929,24.786339613255706,2.59403572464512,399812,5795.72
2024-10-25,22.802082894155635,25.05125699949008,2.580316158309766,399812,5852.08
2024-10-28,23.552526189598016,26.497520971478988,2.5889660950896527,399812,5972.15
2024-10-29,23.308226539438188,26.00987375421204,2.540998094199989,399812,5907.56
2024-10-30,23.1637168619504,25.936746852081296,2.4904245110646883,399812,5890.83
2024-10-31,22.157038790666604,25.96697221712501,2.495488046950078,399812,5883.68
2024-11-01,22.11791702351953,25.95607480704445,2.470986254765017,399812,5832.75
2024-11-04,22.431331752192005,26.48212484953178,2.5157710323625952,399812,5884.78
2024-11-05,22.90886664596693,27.138014229246828,2.555426460055912,399812,6007.48
2024-11-06,22.85536933597813,27.04593170032049,2.613848314672718,399812,6003.53
2024-11-07,23.717755780453395,27.72216848230895,2.658175595347538,399812,6224.89
2024-11-08,23.55134574999008,27.688240310590032,2.6407712522185767,399812,6216.02
2024-11-11,23.448698075102985,27.831205875503105,2.630219802622988,399812,6219.02
2024-11-12,23.441522829900656,28.03507335445616,2.653854401535902,399812,6198.26
2024-11-13,23.40377013231297,28.054927174403616,2.6336881562819743,399812,6158.77
2024-11-14,22.97137775339296,27.127953353162667,2.572998417398217,399812,6026.06
2024-11-15,22.616675540346417,27.00269014702724,2.52913633279245,399812,5918.93
2024-11-18,22.434874886478006,26.62169803109829,2.490939547048881,399812,5850.53
2024-11-19,22.63955803696785,26.9790626523622,2.508985123362496,399812,5907.1
2024-11-20,22.892938765923336,26.96686646197821,2.5405596174439102,399812,6001.67
2024-11-21,22.8067259302511,26.798167375460103,2.536037309724227,399812,5972.01
2024-11-22,21.981731196767523,26.025272228547685,2.443428691138153,399812,5765.52
2024-11-25,22.039432944843124,26.166152793639,2.456269582801906,399812,5787.03
2024-11-26,22.059003740250446,26.45539954875265,2.448529441253068,399812,5807.6
2024-11-27,22.49069910477207,26.850145145296395,2.470774455966141,399812,5925.89
2024-11-28,22.350814347844675,26.508736524113075,2.461955393772209,399812,5894.32
2024-11-29,22.7310497001084,26.89848126011352,2.5619718911389784,399812,6006.95
2024-12-02,23.069650398085948,27.51995385156659,2.5889388589567828,399812,6127.57
2024-12-03,23.00536018947737,27.31310362491812,2.559495021248409,399812,6125.86
2024-12-04,22.80744255714056,26.842439112066188,2.528290483029563,399812,6062.43
2024-12-05,22.76766731227072,26.820079063944966,2.5165129479462136,399812,6076.81
2024-12-06,23.141365892779955,27.072864314485425,2.5435694554814354,399812,6183.8
2024-12-09,23.06828641968315,26.96452058833966,2.536268164472747,399812,6157.2
2024-12-10,23.369282935917493,27.053740307044563,2.588925506492656,399812,6245.48
2024-12-11,23.630025095020645,27.590407774346183,2.630312569160612,399812,6336.97
2024-12-12,24.016956280609453,28.33719937028373,2.66752510985118,399812,6466.22
2024-12-13,23.52405934517615,27.503074171386743,2.605615650817353,399812,6356.73
2024-12-16,22.48541746854197,26.54709136882976,2.746726271110547,399812,6322.22
2024-12-17,22.188108742826245,25.37102551256289,2.721272861026422,399812,6192.37
2024-12-18,22.18287894608736,25.507014048694344,2.744098793699864,399812,6185.7
2024-12-19,22.11632039155104,25.61667932577912,2.731127514754183,399812,6156.85
2024-12-20,22.17889893928222,26.047272957900564,2.787823919037828,399812,6187.93
2024-12-23,21.85197000178159,25.66233932308744,2.772500409824015,399812,6055.28
2024-12-24,22.112042228264475,25.605745070546657,2.8329718299035047,399812,6117.88
2024-12-25,22.11393365751144,25.84411854226605,2.809048152434734,399812,6105.72
2024-12-26,22.04897878414113,25.900814838215368,2.8172892248892074,399812,6100.44
2024-12-27,22.173975831143466,25.891365455557143,2.8131713874102067,399812,6141.87
2024-12-30,22.12887282860349,25.85320291374576,2.821377323651771,399812,6116.52
2024-12-31,21.774128541650267,25.463741990576512,2.746112356614781,399812,6010.21
2025-01-02,21.41804670733312,25.10373730359284,2.643920810866933,399812,5934.34
2025-01-03,20.98945067905497,24.703245464965143,2.583581272909032,399812,5796.05
2025-01-06,20.989103346674604,24.41531592149164,2.5790533321029003,399812,5774.5
2025-01-07,20.903809027741044,24.59057652906824,2.563469556244512,399812,5763.92
2025-01-08,20.959391877946537,24.37885832548852,2.561332504605885,399812,5765.33
2025-01-09,20.791203884089693,24.1631414868074,2.5700109149107955,399812,5722.37
2025-01-10,20.348011253921563,23.65989547634801,2.522516101940413,399812,5603.76
2025-01-13,20.261086549678804,23.525965895808493,2.5211871029756407,399812,5593.04
2025-01-14,20.822258104313534,24.506137406101708,2.607559571629105,399812,5764.52
2025-01-15,20.746355226466168,24.345842649585933,2.563890358499693,399812,5739.63
2025-01-16,20.81026069175435,24.36316622595509,2.6254636713589035,399812,5764.5
2025-01-17,20.86291827195653,24.57499207573252,2.5897525244016,399812,5778.85
2025-01-20,20.988845968326206,24.76889890750998,2.6098874309003666,399812,5815.86
2025-01-21,20.94022168284057,24.879778844921645,2.6201123361157737,399812,5814.67
2025-01-22,20.71213857517881,24.283982275197463,2.6005111119395563,399812,5751.01
2025-01-23,20.83591656840748,24.5209874594607,2.5969480105620057,399812,5771.64
2025-01-24,20.8840633202829,24.377037836253383,2.611238063478561,399812,5778.81
2025-01-27,20.887352902162625,23.916266994265072,2.6139734302978725,399812,5771.66
2025-02-05,20.631104814375025,23.622106063853195,2.560800879115634,399812,5715.22
2025-02-06,20.8171517746797,23.75223936413208,2.5702272122205843,399812,5774.54
2025-02-07,21.01972509325184,24.061951179340845,2.6054289869172185,399812,5828.01
2025-02-10,21.12759278628623,24.7904944620547,2.629888896161632,399812,5889.36
2025-02-11,21.24348380927919,24.609363166593184,2.5980124931994224,399812,5906.88
2025-02-12,21.27693204383988,24.82837594130889,2.6160382870076413,399812,5947.98
2025-02-13,21.25906849209496,24.87724718627673,2.620371378996857,399812,5941.1
2025-02-14,21.413989184018163,25.233685941392565,2.638836735711873,399812,5974.98
2025-02-17,21.317373854141763,24.796720090857825,2.625721850893352,399812,5946.57
2025-02-18,20.97824071739111,24.425212875390272,2.559848601911668,399812,5834.84
2025-02-19,21.07467455160932,24.330361804590588,2.5943170318681448,399812,5868.93
2025-02-20,21.16762215345205,24.321173885738816,2.5950341628770457,399812,5916.49
2025-02-21,21.29672410269152,24.11332237869868,2.604038507394698,399812,5972.99
2025-02-24,21.37064134996109,23.89946484469678,2.5820393852747445,399812,5983.65
2025-02-25,21.084223281212072,23.54081736693516,2.5453741817414888,399812,5911.08
2025-02-26,21.278086464266924,23.96084714561016,2.5589345936500982,399812,5969.52
2025-02-27,21.42397277781336,24.0918646561068,2.569721261654832,399812,6012.58
2025-02-28,21.040654189540486,24.55637134380062,2.539177577090092,399812,5903.54
2025-03-03,21.05166768574953,24.381403687496,2.5380805145697978,399812,5907.28
2025-03-04,21.110353931079835,24.162471230263204,2.543351103422503,399812,5932.72
2025-03-05,21.07802375380109,23.911286012035337,2.5290892406260355,399812,5917.18
2025-03-06,21.29855118563456,24.022880612346786,2.554978940003432,399812,5992.49
2025-03-07,21.230638419918268,23.9985412204272,2.544961243194716,399812,5970.95
2025-03-10,21.2851063267752,23.945330237384223,2.562429040458093,399812,5984.42
2025-03-11,21.441502602399726,24.28161006236322,2.5680369389391786,399812,6032.66
2025-03-12,21.46650870414701,24.26516018315201,2.5511122495284555,399812,6059.09
2025-03-13,21.450195058101485,24.40941010877281,2.57189734808553,399812,6025.06
2025-03-14,22.18986777534377,25.173505483146933,2.6240270850621448,399812,6179.57
2025-03-17,22.14337665616832,25.193817199998545,2.652814136194133,399812,6163.44
2025-03-18,22.14380655847503,24.967180479941,2.6295109438155047,399812,6178.75
2025-03-19,22.10156284125724,24.446673873773705,2.620428175449731,399812,6168.44
2025-03-20,21.762075542492536,24.25255838153359,2.597900196709974,399812,6108.66
2025-03-21,21.59926644876061,24.166298505092897,2.5861320735910454,399812,6043.8
2025-03-24,21.662596062503333,24.2011758091576,2.599537473773138,399812,6040.0
2025-03-25,21.88113061431944,24.899638311580404,2.6041630874918584,399812,6036.24
2025-03-26,21.755537479210304,24.56162061961833,2.6199324239164974,399812,6028.63
2025-03-27,21.92061490094947,24.756206139667828,2.676319015452872,399812,6090.64
2025-03-28,21.55514713455875,24.76720096186097,2.667457354628916,399812,6072.28
2025-03-31,21.399959285125185,24.94495553992196,2.6459405822032807,399812,6004.84
2025-04-01,21.688584780552176,25.478512606116304,2.6563220280729904,399812,6094.52
2025-04-02,21.76183385854022,25.45709864361365,2.6713576237543912,399812,6099.08
2025-04-03,21.62411898998443,25.243616635062786,2.6693510848853954,399812,6079.78
2025-04-07,19.96376399342105,23.888928419743515,2.4194729744215024,399812,5627.73
2025-04-08,20.36353691340697,24.768978124419988,2.459208530667479,399812,5742.62
2025-04-09,20.66248010232928,24.8873626124118,2.503640864414113,399812,5848.18
2025-04-10,21.045479624453403,25.39229559260252,2.6135693298771834,399812,5990.15
2025-04-11,20.91654469640418,25.20091577368006,2.5518616380470807,399812,5968.29
2025-04-14,21.06852672140788,25.37309671214228,2.5769619026806057,399812,6021.56
2025-04-15,21.039839033077328,25.65735785564924,2.591273905240361,399812,6042.48
2025-04-16,20.98954588842348,25.57221195665191,2.566317470595868,399812,6034.01
2025-04-17,21.01500204645734,25.516196979954152,2.569633452642024,399812,6038.72
2025-04-18,20.921705344975056,25.03357793871868,2.537275441528787,399812,5973.7
2025-04-21,21.053747976929,25.2007910196697,2.56113299197785,399812,6032.97
2025-04-22,21.085022966088435,25.26851390278817,2.5650311964966885,399812,6070.38
2025-04-23,21.01573452315728,25.14850039907479,2.566047687783668,399812,6036.18
2025-04-24,20.74377645841769,25.22120937321002,2.531740504596,399812,6060.47
2025-04-25,20.67519238176489,25.10101741842884,2.523543375109049,399812,6038.69
2025-04-28,20.71974823783848,23.96008792861042,2.5014939716513847,399812,5962.21
2025-04-29,19.93141190214516,24.3685730304342,2.449243184994984,399812,5970.68
2025-04-30,20.385186370685663,25.156247653851125,2.475917257196353,399812,5990.52
2025-05-06,20.600634680647325,25.70055788153544,2.4816306689582444,399812,6044.36
2025-05-07,20.72039400656132,25.67081866116649,2.4905237462770087,399812,6052.71
2025-05-08,20.810745836357285,25.81151511068682,2.4871001970706352,399812,6063.03
2025-05-09,20.77948124754103,25.762862253553863,2.533160236384163,399812,6065.88
2025-05-12,20.88723116308811,25.914464653058133,2.536030577289978,399812,6076.15
2025-05-13,21.01401613782416,25.731157011640622,2.5435549574057297,399812,6119.03
2025-05-14,21.176484078110505,25.683666209789315,2.533314805239302,399812,6125.25
2025-05-15,21.156772872828085,25.72696820411913,2.529640114296776,399812,6141.16
2025-05-16,21.1678927458176,25.707557229336857,2.5450021512758427,399812,6166.22
2025-05-19,21.224252282168752,25.835496217919104,2.5274100700196325,399812,6197.41
2025-05-20,21.481047392274338,26.17660086748724,2.577419851072906,399812,6290.67
2025-05-21,21.505453141336467,26.050083911769896,2.58823053006389,399812,6281.85
2025-05-22,21.346791199308203,25.769039756612138,2.532188920929012,399812,6239.93
2025-05-23,21.196723617364658,25.43695426978512,2.541899192523237,399812,6194.65
2025-05-26,21.13132590882371,25.534986230744103,2.567149013791309,399812,6186.33
2025-05-27,21.15526153656273,25.56427273996744,2.559429300319466,399812,6199.52
2025-05-28,21.361703258650746,25.53161506102904,2.572953967360661,399812,6250.62
2025-05-29,21.384015184035423,25.943049168085945,2.596696778140732,399812,6275.57
2025-05-30,21.28860492981688,25.801830809768347,2.598350788079704,399812,6254.7
2025-06-03,21.53609968376257,25.95634885318914,2.6249907737153424,399812,6342.88
2025-06-04,21.79666511943712,26.235536866683937,2.6357002942408965,399812,6447.22
2025-06-05,21.62792219882711,26.28013826921985,2.606643704632069,399812,6376.35
2025-06-06,21.489218392733385,26.64319865386311,2.6035559485539856,399812,6344.03
2025-06-09,21.61928656075188,26.667489316741555,2.637996649967548,399812,6394.33
2025-06-10,21.549593026282945,26.71703924680798,2.636474355497156,399812,6386.34
2025-06-11,21.64735098975089,26.64681214276441,2.6284491213692807,399812,6402.84
2025-06-12,21.766677097221585,26.683670065400285,2.613869901321196,399812,6455.13
2025-06-13,21.468017313902063,25.938770350702526,2.6129995488382387,399812,6348.26
2025-06-16,21.52955615555861,25.81495949926489,2.630740662692284,399812,6310.71
2025-06-17,21.370027000857185,25.61515277112381,2.592442520157832,399812,6240.68
2025-06-18,21.225111764696354,25.327523836388306,2.5641051440402536,399812,6196.21
2025-06-19,21.01807660992179,25.670776195332287,2.545197538585245,399812,6134.22
2025-06-20,21.02173736202452,25.10284339668426,2.558561568898733,399812,6110.38
2025-06-23,21.032333336410662,25.48606017866753,2.604498828144618,399812,6121.5
2025-06-24,21.319617181663304,25.693037151134103,2.671993879202044,399812,6196.68
2025-06-25,21.61796142010399,25.632106919072303,2.694237493931962,399812,6264.87
2025-06-26,21.57611054564482,26.028071994137512,2.7064291895617663,399812,6254.17
2025-06-27,21.500596910737777,26.03451845999114,2.706728603970559,399812,6243.78
2025-06-30,21.524183666407144,26.147941285828388,2.738964267712713,399812,6267.58
2025-07-01,21.603167125093407,26.07422544055666,2.7641254876505528,399812,6310.04
2025-07-02,21.46718004988369,25.901505596784844,2.7525722987330203,399812,6252.78
2025-07-03,21.53320048217795,26.18311231819071,2.747838448442747,399812,6265.41
2025-07-04,21.49862534462834,26.02865630578569,2.740981128719045,399812,6253.65
2025-07-07,21.459689065214643,26.382292414304896,2.7314719858143546,399812,6233.82
2025-07-08,21.498477326617888,25.90591346741644,2.7361885635728185,399812,6245.81
2025-07-09,21.45946875858257,26.01556358648292,2.7244720716943363,399812,6253.86
2025-07-10,21.508587127995927,25.902990695539977,2.717607735623755,399812,6254.92
2025-07-11,21.609943844609685,25.94839487373095,2.7170185377282703,399812,6266.23
2025-07-14,21.641555152500267,26.15177165092477,2.750700901820974,399812,6282.63
2025-07-15,21.482582848867285,25.876069267910104,2.7069254428810217,399812,6246.35
2025-07-16,21.566107379642347,26.10218296581285,2.745266949682943,399812,6274.59
2025-07-17,21.69429444175557,26.219843086597784,2.732967576635617,399812,6319.82
2025-07-18,21.736505366278188,26.35103358442453,2.739326561012588,399812,6347.7
2025-07-21,21.80067149631399,26.344268395903622,2.752333007445908,399812,6357.48
2025-07-22,21.851339290333087,26.47115122785555,2.767924836991778,399812,6379.28
2025-07-23,21.87083835009132,26.273518739264308,2.7660530883711565,399812,6367.22
2025-07-24,22.0888478444032,26.773732381106296,2.814148321131988,399812,6435.35
2025-07-25,22.059958223481853,26.7030112937292,2.8184879617533203,399812,6423.01
2025-07-28,22.161623247977424,26.58779114184492,2.7795186936840244,399812,6447.74
2025-07-29,22.14542650675368,26.864600729777173,2.777047056617226,399812,6463.37
2025-07-30,22.41614580202737,26.99912780103223,2.8020025282622303,399812,6520.59
2025-07-31,21.99909379196931,26.317232206244142,2.747645302565635,399812,6413.62
2025-08-01,21.98674198436996,26.54915284529764,2.776617245339565,399812,6418.81
2025-08-04,22.05036238462964,26.650521818104487,2.7767650659257326,399812,6436.63
2025-08-05,22.1721520062783,26.86274565341561,2.8013621184877486,399812,6472.12
2025-08-06,22.16929366487305,27.00788866638215,2.8352290237301947,399812,6473.95
2025-08-07,22.09380868344444,26.90945007755524,2.800747308038266,399812,6455.9
2025-08-08,22.02865017788286,26.50977438110788,2.791132796679393,399812,6458.76
2025-08-11,22.06766821470465,26.66804452752569,2.792409051855821,399812,6494.48
2025-08-12,22.10066468990972,26.79296106273032,2.772634805168284,399812,6493.94
2025-08-13,22.153134113711552,26.77264262765724,2.788369911009237,399812,6526.41
2025-08-14,22.007037434217136,26.60232264754244,2.7601540690850506,399812,6463.56
2025-08-15,22.24125511036804,26.872572805313617,2.8081181586725377,399812,6539.76
2025-08-18,22.48330442802612,27.05866779768196,2.8299767647080767,399812,6601.02
2025-08-19,22.422095730954204,27.07735953792372,2.8198224570858947,399812,6595.14
2025-08-20,22.615101010627765,27.20583002769672,2.835700218956249,399812,6639.98
2025-08-21,22.74561039757417,27.311980441507743,2.844127598177998,399812,6676.91
2025-08-22,22.85307223634434,27.39585797020468,2.8481046320736167,399812,6717.11
2025-08-25,23.06232938512577,27.676528876812903,2.8365564764873463,399812,6784.38
2025-08-26,23.135717079220903,27.95736391123628,2.8610243730648213,399812,6799.32
2025-08-27,22.69086187375775,27.547799321752663,2.8402887014512967,399812,6693.5
2025-08-28,22.71043255470892,27.34293098401052,2.829524257770105,399812,6693.72
2025-08-29,22.47167407520689,27.254399113685217,2.841425375112436,399812,6743.42
2025-09-01,22.691610400529267,27.94978080204313,2.828809064772737,399812,6807.48
2025-09-02,22.58485364758825,27.609149262814363,2.7746732881980534,399812,6761.93
2025-09-03,22.292065249679645,27.17529629054808,2.7557553654665745,399812,6710.39
2025-09-04,22.183450453368124,26.953519222192345,2.7473330771614446,399812,6664.59
2025-09-05,22.419871081632227,27.85368130015961,2.762129695232165,399812,6749.44
2025-09-08,22.66966883392713,27.984247340102648,2.839468168407767,399812,6835.53
2025-09-09,22.61328411261508,27.44822452781859,2.809052154197534,399812,6782.68
2025-09-10,22.52590043254828,27.541062732452456,2.8552498150875523,399812,6752.44
2025-09-11,22.648904833609294,27.62967615211778,2.861615762805674,399812,6780.26
2025-09-12,22.441344562478065,27.826338243770778,2.822277980962289,399812,6729.16
2025-09-15,22.29455140360701,27.68163362255469,2.791700465842266,399812,6686.13
2025-09-16,22.233911332660885,27.47235066397655,2.8105001202410884,399812,6692.6
2025-09-17,22.26167388513397,27.46647645397294,2.809740858730205,399812,6713.66
2025-09-18,22.034851834689032,27.63360269245357,2.7587479624433806,399812,6669.41
2025-09-19,21.97599353010689,27.197738323861447,2.7765973967098008,399812,6663.97
2025-09-22,21.76650522043231,26.980963225073268,2.753231456660512,399812,6596.14
2025-09-23,21.59002744689656,26.47534499424534,2.714091619722102,399812,6536.42
2025-09-24,21.79340949477766,26.938983755128405,2.7297929826145904,399812,6605.74
2025-09-25,21.69697635819975,27.120809593742862,2.740983516993681,399812,6601.53
2025-09-26,21.63953450442938,26.928278254428367,2.71284943485212,399812,6539.68
2025-09-29,21.68499433797933,26.7964660466262,2.692607565856947,399812,6538.66
2025-09-30,21.707005717808663,27.23608057728986,2.746838280268797,399812,6566.12
2025-10-09,21.760028883413995,27.04405032638666,2.7434833162537204,399812,6547.43
2025-10-10,21.84785620721625,26.799261356253687,2.767665750483433,399812,6547.8
2025-10-13,21.57987085780564,26.47369842325313,2.7472255488315245,399812,6458.76
2025-10-14,21.633004873006204,26.16655170993528,2.6939162927639786,399812,6427.73
2025-10-15,21.93181138859749,26.677843197991,2.716781449176426,399812,6521.93
2025-10-16,21.959345770734803,26.667055399127683,2.7741849645858334,399812,6527.77
2025-10-17,21.67507638692245,26.676109154400777,2.742255384458204,399812,6444.81
2025-10-20,21.70524149336922,26.57639871156232,2.7326485972367465,399812,6463.17
2025-10-21,21.84447738500075,26.839905551648783,2.7357160380358523,399812,6506.45
2025-10-22,21.81537584664084,26.7498805030975,2.7564243676349225,399812,6490.23
2025-10-23,21.891997954528648,26.69130420341215,2.777035357796016,399812,6500.12
2025-10-24,21.840096949324767,26.719131884573564,2.771555907759561,399812,6471.15
2025-10-27,21.87406484815265,27.201857245544645,2.7991316939435142,399812,6478.3
2025-10-28,21.910226841864496,27.43932293315513,2.7978230754837603,399812,6458.86
2025-10-29,21.89199392746336,27.220460723315,2.7679899993458044,399812,6484.48
2025-10-30,21.740732511116285,27.266167830061622,2.721478991836327,399812,6422.64
2025-10-31,21.930495778698265,29.785026306262125,2.706937898658003,399812,6478.14
2025-11-03,21.868382879698625,29.86911837973632,2.711188957648821,399812,6490.72
2025-11-04,21.784642687348384,29.734859063905223,2.6852699507937965,399812,6440.38
2025-11-05,21.75514332736705,29.90535086476902,2.6939865399644303,399812,6437.42
2025-11-06,21.82431184628388,29.494868419152954,2.7243597902708827,399812,6422.84
2025-11-07,21.82884894410905,29.545462123312497,2.696374966835731,399812,6406.42
2025-11-10,22.3117150517464,30.12369809203961,2.8231856569653258,399812,6543.5
2025-11-11,22.29456697917758,29.925770097255228,2.8053860302336964,399812,6557.78
2025-11-12,22.40750711751836,29.760113465385523,2.8098802129169904,399812,6577.43
2025-11-13,22.527228913061847,30.148312819923035,2.83025867735678,399812,6634.46
2025-11-14,22.340255994902467,29.78307369031081,2.792206846623232,399812,6591.81
2025-11-17,22.122905677147383,29.88862153293588,2.7827147943712127,399812,6543.9
2025-11-18,22.021301259155948,30.235321292590097,2.7153437303193817,399812,6516.03
2025-11-19,22.009736855525787,30.588678223229767,2.711003437010753,399812,6470.5
2025-11-20,21.834246544772583,29.70497330894848,2.6823777175561503,399812,6420.69
2025-11-21,21.43217889411303,29.40059329946505,2.653250475360289,399812,6312.8
2025-11-24,21.4831267926436,29.616990852573142,2.697665047450293,399812,6350.55
2025-11-25,21.6413214901236,29.8714617563043,2.718946669988129,399812,6387.61
2025-11-26,21.630165093785624,30.070972881765464,2.711829081835358,399812,6390.66
2025-11-27,21.622370730821554,29.5549802409036,2.7339789021540017,399812,6386.47
2025-11-28,21.672975895930552,29.28856207932261,2.7861814836190586,399812,6412.21
2025-12-01,21.77999252597208,29.048667675726684,2.768206599817597,399812,6458.81
2025-12-02,21.748664042074115,28.93955548671518,2.789224496345808,399812,6439.79
2025-12-03,21.689884403764296,29.468811399865395,2.7613211360683207,399812,6419.42
2025-12-04,21.54957809936032,28.65906543109171,2.7515620313116305,399812,6376.23
2025-12-05,21.790023591267,28.691240644424163,2.771364352971687,399812,6411.47
2025-12-08,21.80809138971156,28.84648563718144,2.7463329550757627,399812,6429.85
2025-12-09,21.619805724494533,28.4205695717655,2.7259862839062743,399812,6387.7
2025-12-10,21.6993930646506,28.600205106087323,2.6822992321823067,399812,6403.3
2025-12-11,21.450324237900325,27.7768017255242,2.671911219956332,399812,6323.89
2025-12-12,21.528629101711992,28.320524365299818,2.638937766762948,399812,6313.31
2025-12-15,22.34916902152773,29.229714787285435,2.6936005172173445,399812,6313.75
2025-12-16,22.2457232878419,29.37977398889365,2.6734758126004903,399812,6290.35
2025-12-17,22.564850973902285,29.437401253804573,2.7263296703964093,399812,6372.63
2025-12-18,22.615615607045434,29.5095846757434,2.7294976825385326,399812,6369.17
2025-12-19,22.884623971790194,30.161243151311574,2.751654681335011,399812,6483.16
2025-12-22,22.85705120544852,29.9700856654459,2.754999073420615,399812,6480.23
2025-12-23,22.72785937917963,29.57337926676906,2.7174715576602955,399812,6422.63
2025-12-24,22.704174194666653,29.422507907329376,2.741080117188752,399812,6423.95
2025-12-25,22.83819782097061,29.752029641040345,2.8119989708352167,399812,6445.37
2025-12-26,22.80264080405862,29.44029403295039,2.7970455931219345,399812,6437.01
2025-12-29,22.577787848444363,29.252893285780985,2.703061335242129,399812,6359.8
2025-12-30,22.50308400631252,29.433525069464345,2.791791362852376,399812,6332.9
2025-12-31,22.498037839874733,29.204346166885266,2.796444051440357,399812,6331.31
